id,pattern,reading,romaji,level,meaning,formation,example_ja,example_en,tags,notes
ni-saishite,〜に際して,〜にさいして,ni saishite,N2,on the occasion of; when; at the time of,Noun + に際して / Verb-dict + に際して / Noun + に際しての + Noun,新製品の発売に際して、記者会見が開かれた。,A press conference was held on the occasion of the new product's launch.,time; formal,"Formal; for special, one-off occasions (ceremonies, departures, contracts). Near-synonym of 〜にあたって, which adds a sense of preparing for or facing the event; に際して simply marks the occasion."
ni-tomonatte,〜に伴って,〜にともなって,ni tomonatte,N2,along with; as; accompanying,Noun + に伴って / Verb-dict + の + に伴って / Noun + に伴う + Noun,高齢化に伴って、医療費は年々増加している。,"Along with the aging of the population, medical costs are rising year by year.",change; simultaneity; formal,"〜に伴い is the more written form. Like 〜につれて it can describe gradual change, but it also covers one-off events that bring about another (e.g. a relocation)."
ni-oujite,〜に応じて,〜におうじて,ni oujite,N2,according to; depending on; in response to,Noun + に応じて / Noun + に応じた + Noun,この奨学金は、家庭の収入に応じて支給額が変わる。,The amount of this scholarship varies according to household income.,relation; condition,"B is adjusted to match A (ability, budget, season, requests). Compare 〜次第で, which stresses that the outcome is decided entirely by A."
ni-hanshite,〜に反して,〜にはんして,ni hanshite,N2,contrary to; against; in violation of,Noun + に反して / Noun + に反する + Noun / Noun + に反した + Noun,大方の予想に反して、無名の新人が優勝した。,"Contrary to most people's predictions, an unknown newcomer won the championship.",contrast; formal,"Used with nouns like 予想, 期待, 意思, 規則. With a rule or law as the noun, it means 'in violation of'."
ni-motozuite,〜に基づいて,〜にもとづいて,ni motozuite,N2,based on; on the basis of,Noun + に基づいて / Noun + に基づく + Noun / Noun + に基づいた + Noun,この映画は実際に起きた事件に基づいて制作された。,This film was made based on an incident that actually happened.,relation; formal,"The basis is a firm standard such as data, law, facts or experience, and B follows it closely. Compare 〜をもとに, used for material from which something new is created."
ni-watatte,〜にわたって,,ni watatte,N2,over; throughout; spanning (a whole period or area),Noun + にわたって / Noun + にわたる + Noun,工事は三か月にわたって行われる予定だ。,The construction is scheduled to take place over three months.,time; range; formal,"Stresses the full extent of a long period, a wide area or many items (多岐にわたる). Not used for short or small spans."
ni-sotte,〜に沿って,〜にそって,ni sotte,N2,along; in line with; following,Noun + に沿って / Noun + に沿った + Noun,川に沿って桜並木が二キロほど続いている。,A row of cherry trees stretches for about two kilometers along the river.,relation; manner,"Literal use: along a road, river or coast. Abstract use: following a plan, policy, or someone's wishes."
ni-kuwaete,〜に加えて,〜にくわえて,ni kuwaete,N2,in addition to; on top of,Noun + に加えて,今年は猛暑に加えて雨不足が続き、野菜の価格が高騰している。,"This year, on top of the extreme heat, there has been a prolonged lack of rain, and vegetable prices have soared.",addition; formal,Somewhat formal; 〜に加え is the written form. The added item is often marked with も.
o-megutte,〜をめぐって,,o megutte,N2,over; concerning; surrounding (an issue of dispute),Noun + をめぐって / Noun + をめぐる + Noun,新しい空港の建設をめぐって、住民の意見が二つに分かれている。,Residents are divided over the construction of a new airport.,topic; relation,"The verb that follows is about debate, conflict or competition (議論する, 対立する, 争う). Unlike 〜について, it isn't used for simply explaining a topic."
o-tsuujite-o-tooshite,〜を通じて / 〜を通して,〜をつうじて / 〜をとおして,o tsuujite / o tooshite,N2,through; via; by way of; throughout (a period),Noun + を通じて / Noun + を通して,共通の友人を通じて、今の妻と知り合った。,I got to know my wife through a mutual friend.,means; time,"Largely interchangeable. 〜を通して tends to stress a deliberate process or experience; 〜を通じて is a little more formal and common with media, contacts and periods (一年を通じて)."
o-kikkake-ni,〜をきっかけに,,o kikkake ni,N2,taking the opportunity of; triggered by; with ... as the start,Noun + をきっかけに / Noun + をきっかけとして / Verb-plain + の + をきっかけに,大学時代の留学をきっかけに、国際協力の仕事に興味を持つようになった。,Studying abroad in college got me interested in international cooperation work.,reason; change,Marks an event that led to a new start or change. The formal equivalent 〜を契機に is common in writing.
o-nozoite,〜を除いて,〜をのぞいて,o nozoite,N2,except; excluding; apart from,Noun + を除いて / Noun + を除き / Noun + を除く + Noun,年末年始を除いて、図書館は毎日開いている。,The library is open every day except during the New Year holidays.,exclusion; formal,More formal than 〜以外. 〜を除き is the written form.
ka-no-you-da,〜かのようだ,,ka no you da,N2,as if; as though (when it isn't really so),Verb-plain / i-Adj + かのようだ / na-Adj + である + かのようだ / Noun + である + かのようだ,彼はまるで何も知らないかのような顔をしていた。,He wore a look as if he knew nothing at all.,appearance; written,More literary than 〜ようだ and clearly signals that the comparison is not literally true. Often paired with まるで. Also 〜かのように / 〜かのような.
kanenai,〜かねない,,kanenai,N2,could well; might (lead to something bad),Verb-stem + かねない,そんな無理な運転をしていたら、大事故を起こしかねない。,"If you keep driving that recklessly, you could end up causing a serious accident.",possibility; conjecture,"Only for undesirable outcomes. Despite the ない, the meaning is positive: 'there's a real risk that ...'. Don't confuse with 〜かねる (cannot)."
kaneru,〜かねる,,kaneru,N2,cannot; be unable to (polite refusal); find it hard to,Verb-stem + かねる,申し訳ございませんが、そのご質問にはお答えしかねます。,"I'm very sorry, but I'm unable to answer that question.",ability; politeness; formal,"A soft, formal way to decline, very common in customer service. It expresses reluctance or difficulty for the speaker, not physical inability."
zu-ni-wa-irarenai,〜ずにはいられない,,zu ni wa irarenai,N2,can't help doing; can't resist doing,Verb-nai stem + ずにはいられない,あまりにひどいニュースに、怒りを感じずにはいられなかった。,I couldn't help feeling angry at such terrible news.,emotion; emphasis,"する becomes せずにはいられない. 〜ないではいられない is a slightly more conversational equivalent. An inner urge, unlike 〜ざるを得ない (forced by circumstances)."
zaru-o-enai,〜ざるを得ない,〜ざるをえない,zaru o enai,N2,have no choice but to; cannot help but,Verb-nai stem + ざるを得ない,予算が足りないので、計画を縮小せざるを得ない。,"The budget is insufficient, so we have no choice but to scale back the plan.",obligation; formal,Circumstances force an action the speaker doesn't really want to take. する becomes せざるを得ない. More formal than 〜しかない.
te-wa-irarenai,〜てはいられない,,te wa irarenai,N2,can't afford to (keep) doing; can't just,Verb-te + はいられない,締め切りが迫っているので、のんびりしてはいられない。,"The deadline is approaching, so I can't afford to take it easy.",negation; necessity,"The situation doesn't allow one to stay in state A, so one feels pushed to act. Casual: 〜ちゃいられない / 〜てらんない."
mono-ka,〜ものか,,mono ka,N2,no way (will I); as if; I'll never,Verb-dict / i-Adj / na-Adj + な + ものか,あんな失礼な店には、二度と行くものか。,No way am I ever going to that rude shop again.,negation; emphasis; emotion,Strong emotional denial or refusal; not a real question. Conversational form: 〜もんか; polite/feminine: 〜ものですか.
mono-no,〜ものの,,mono no,N2,although; even though (but the expected result doesn't follow),Verb-plain / i-Adj / na-Adj + な / na-Adj + である / Noun + である + ものの,免許は取ったものの、怖くてまだ一度も運転していない。,"Although I got my license, I'm too scared and still haven't driven once.",concession; written,"Admits the first fact, then says things didn't go as it would suggest. More written than 〜けれども."
mono-nara,〜ものなら,,mono nara,N2,if (it were possible); if only one could,Verb-dict (potential form) + ものなら,できるものなら、学生時代に戻ってもう一度やり直したい。,"If only I could, I'd go back to my student days and do it all over again.",condition; wish,"For something hard or impossible to do; the main clause is often 〜たい or a challenge. Don't confuse with N1 〜(よ)うものなら ('if one dared to ..., something bad would happen')."
kurai-nara-gurai-nara,〜くらいなら / 〜ぐらいなら,,kurai nara / gurai nara,N2,"rather than; if it comes to (doing that), I'd rather",Verb-dict + くらいなら / Verb-dict + ぐらいなら,あんな人に頭を下げるくらいなら、会社を辞めたほうがましだ。,I'd rather quit my job than bow my head to someone like him.,comparison; condition,"A is something the speaker strongly dislikes; B is the lesser evil or better choice, often with 〜ほうがいい / 〜ほうがましだ."
mono-ga-aru,〜ものがある,,mono ga aru,N2,there is something (about it that is) ...; it really is,Verb-dict / i-Adj / na-Adj + な + ものがある,この画家の初期の作品には、見る人の心を強く打つものがある。,There is something in this painter's early works that deeply moves the viewer.,emotion; emphasis,"Expresses the speaker's strong impression of a quality sensed in something. It's an evaluation, not a statement about literal existence."
koto-ka,〜ことか,,koto ka,N2,how ...!; how much ...!,Question word + … + Verb-plain / i-Adj / na-Adj + な + ことか,この日が来るのを、どれほど待ち望んだことか。,How long I've waited for this day to come!,exclamation; emotion; emphasis,"Usually paired with どんなに, どれほど, 何度, etc. Not a real question; it conveys deep feeling. Slightly written or dramatic in tone."
koto-ni-wa,〜ことに（は）,,koto ni wa,N2,"(emotion)-ly; what is (surprising, sad, etc.) is that",Verb-ta / i-Adj / na-Adj + な + ことに（は）,驚いたことに、彼は会社を辞めてパン屋を開いたそうだ。,"Surprisingly, I heard he quit his company and opened a bakery.",emotion; written,"An emotion word (驚いた, 残念な, うれしい, 不思議な) states the speaker's feeling before giving the fact. Fairly written."
koto-dakara,〜ことだから,,koto dakara,N2,"knowing (someone); since it's (someone), surely",Noun + の + ことだから,几帳面な彼のことだから、書類はもう準備してあるだろう。,"Knowing how meticulous he is, he's probably got the documents ready already.",reason; conjecture,"From what the speaker knows of a person's character, it leads to a guess about their behavior. Usually followed by だろう, きっと or に違いない."
koto-naku,〜ことなく,,koto naku,N2,without (doing); without ever,Verb-dict + ことなく,彼は三十年間、一日も休むことなく店を開け続けた。,"For thirty years, he kept his shop open without taking a single day off.",negation; manner; written,"A written equivalent of 〜ないで / 〜ずに, often implying that something one might expect to happen did not."
koto-kara,〜ことから,,koto kara,N2,from the fact that; because; judging from,Verb-plain / i-Adj / na-Adj + な / na-Adj + である / Noun + である + ことから,この坂は、昔から桜の名所であることから「桜坂」と呼ばれている。,This slope is called 'Sakura-zaka' because it has long been a famous spot for cherry blossoms.,reason; written,"Gives the evidence or origin behind a name, judgment or conclusion. Common in explanations of place names and in reports."
nai-koto-ni-wa,〜ないことには,,nai koto ni wa,N2,unless; if ... not (then it can't happen),Verb-nai / i-Adj-ku + ない / na-Adj + でない / Noun + でない + ことには,実際に会って話してみないことには、どんな人か分からない。,You can't tell what someone is like unless you actually meet and talk to them.,condition; negation,"The main clause is negative (分からない, できない, 始まらない): without A, B can't happen. More emphatic than 〜なければ."
koto-wa-ga,〜ことは〜が,,koto wa ... ga,N2,"it's true that ..., but; (I) do ..., but",Verb-plain + ことは + Verb-plain + が / i-Adj + ことは + i-Adj + が / na-Adj + な + ことは + na-Adj + だ + が,あの映画、見たことは見たけど、途中で寝てしまった。,"I did watch that movie, but I fell asleep halfway through.",concession; emphasis,The same word is repeated to admit something only partly before adding a reservation. けど replaces が in speech.
ageku,〜あげく,,ageku,N2,"after (a long, troublesome process); in the end",Verb-ta + あげく / Noun + の + あげく,さんざん迷ったあげく、結局どちらも買わなかった。,"After agonizing over it for ages, in the end I didn't buy either.",result; sequence,The result is usually negative or disappointing. 〜末(に) is neutral and can end well; あげく stresses frustration. あげくの果てに is an intensified form.
amari-ni,〜あまり（に）,,amari ni,N2,so much that; out of excessive; because of too much,Verb-dict / Verb-ta / na-Adj + な / Noun + の + あまり（に）,彼女は緊張のあまり、スピーチの内容を忘れてしまった。,She was so nervous that she forgot what she was going to say in her speech.,degree; result; emotion,"An extreme degree of a feeling or state leads to an unusual, often unwanted result. Mostly with emotion nouns (緊張, 心配, 驚き, 悲しみ)."
ue-ni,〜上（に）,〜うえ（に）,ue ni,N2,besides; on top of; in addition to,Verb-plain / i-Adj / na-Adj + な / Noun + である + 上（に）,あのレストランは料理がおいしい上に、値段も手頃だ。,"That restaurant has delicious food, and on top of that, the prices are reasonable.",addition,"Adds a second point of the same kind (good + good, bad + bad). に may be dropped in writing. It isn't normally followed by a command or request."
ue-de,〜上で,〜うえで,ue de,N2,"after (doing), upon; in (doing), when it comes to",Verb-ta + 上で / Noun + の + 上で / Verb-dict + 上で,家族とよく相談した上で、お返事いたします。,I'll give you my answer after discussing it carefully with my family.,sequence; standpoint,"Verb-ta + 上で: do A first, then B on that basis. Verb-dict + 上で: 'in the process of / for the purpose of A'. Business writing often shortens it to ご確認の上."
ijou-wa,〜以上（は）,〜いじょう（は）,ijou wa,N2,since; now that; as long as,Verb-plain / na-Adj + である / Noun + である + 以上（は）,引き受けた以上は、最後まで責任を持ってやり遂げるつもりだ。,"Now that I've taken it on, I intend to see it through responsibly to the end.",reason; obligation,"From a given situation, draws an obligation, resolve or firm judgment. Near-synonym of 〜からには; 以上は sounds more formal and logical, からには more like personal resolve."
kara-ni-wa,〜からには,,kara ni wa,N2,"now that; since (having done/being ..., one must)",Verb-plain / Noun + である + からには,オリンピックに出るからには、メダルを狙いたい。,"Since I'm competing in the Olympics, I want to go for a medal.",reason; intention,"Expresses resolve: having reached this situation, one should see it through. Often ends with 〜たい, 〜つもりだ, 〜なければならない. Compare 〜以上(は), which is more formal and neutral."
kara-koso,〜からこそ,,kara koso,N2,precisely because; it is because ... that,Verb-plain / i-Adj / na-Adj + だ / Noun + だ + からこそ,君のことを思っているからこそ、厳しいことを言うんだ。,It's precisely because I care about you that I'm being hard on you.,reason; emphasis,"Stresses that this reason, and no other, is the real one, often a reason the listener wouldn't expect. Frequently ends with 〜のだ."
kara-shite,〜からして,,kara shite,N2,judging from; (starting) even with; to begin with,Noun + からして,空の様子からして、午後は雨になりそうだ。,"Judging from the look of the sky, it's likely to rain in the afternoon.",standpoint; emphasis,"Two uses: 'judging from X' (basis for a guess), and 'even X, let alone the rest', where one example stands for the whole, often critically."
kara-suru-to-kara-sureba,〜からすると / 〜からすれば,,kara suru to / kara sureba,N2,judging from; from the standpoint of,Noun + からすると / Noun + からすれば,あの話し方からすると、彼は関西の出身だろう。,"Judging from the way he talks, he's probably from the Kansai area.",standpoint; conjecture,"Gives either the evidence for a judgment or the viewpoint of a person. Close to 〜から見ると; unlike 〜からいうと, it can take a person."
kara-miru-to-kara-mireba,〜から見ると / 〜から見れば,〜からみると / 〜からみれば,kara miru to / kara mireba,N2,from the point of view of; judging from; seen from,Noun + から見ると / Noun + から見れば,外国人から見ると、日本の習慣には不思議なものが多いらしい。,"Apparently, from a foreigner's point of view, many Japanese customs seem strange.",standpoint,Looks at something from a person's position or from given evidence. 〜から見て and 〜から見ても are also common.
kara-iu-to-kara-itte,〜からいうと / 〜からいって,,kara iu to / kara itte,N2,in terms of; from the standpoint of; judging by,Noun + からいうと / Noun + からいって,立地からいうと、駅前のマンションのほうが便利だ。,"In terms of location, the apartment in front of the station is more convenient.",standpoint,"The noun is a criterion or viewpoint (立場, 経験, 値段), not a person: say 親からすると, not ×親からいうと. 〜からいえば is also used."
sai-ni,〜際（に）,〜さい（に）,sai ni,N2,when; at the time of; on the occasion of,Verb-dict / Verb-ta / Noun + の + 際（に）,お降りの際は、お忘れ物のないようご注意ください。,"When getting off, please make sure you don't leave anything behind.",time; formal,"A formal version of 〜とき, common in announcements and instructions. Unlike 〜に際して, it's fine for everyday occasions."
shidai,〜次第,〜しだい,shidai,N2,as soon as (then immediately),Verb-stem + 次第 / Noun + 次第,詳しい日程が決まり次第、皆様にご連絡いたします。,We will contact everyone as soon as the detailed schedule is decided.,time; sequence; formal,"Formal, for a planned future action that follows right after A (contacting, starting). Not used when the main clause is in the past. Compare 〜次第で (depending on)."
shidai-da-shidai-de,〜次第だ / 〜次第で,〜しだいだ / 〜しだいで,shidai da / shidai de,N2,depending on; it depends on,Noun + 次第だ / Noun + 次第で / Noun + 次第では,合格できるかどうかは、これからの努力次第だ。,Whether you pass depends on your efforts from now on.,condition; relation,The outcome is decided by A. 〜次第では points to one possible outcome among several.
sue-ni,〜末（に）,〜すえ（に）,sue ni,N2,"after (a long process of); finally, at the end of",Verb-ta + 末（に） / Noun + の + 末（に）,半年にわたる交渉の末、両社はようやく合意に達した。,"After six months of negotiations, the two companies finally reached an agreement.",result; sequence; written,Neutral: the outcome may be good or bad and is often a decision or conclusion. Use 〜あげく when the result is negative or frustrating.
ta-tokoro-de,〜たところで,,ta tokoro de,N2,even if (it would be no use); no matter how much,Verb-ta + ところで,今から急いだところで、終電には間に合わないだろう。,"Even if we hurry now, we probably won't make the last train.",concession; condition,"The main clause says the effort is useless or the result wouldn't matter much. Often with いくら, どんなに, 今さら. Different from 〜たところ (when I did, I found)."
ta-tokoro,〜たところ,,ta tokoro,N2,"when (I) did ..., (I found that); upon doing",Verb-ta + ところ,駅の窓口で問い合わせたところ、その電車は運休しているとのことだった。,"When I asked at the station window, I was told that the train wasn't running.",sequence; result,"Reports what turned out after an action, often a discovery. The result is a past fact beyond the speaker's control. More formal than 〜たら."
bakari-ka,〜ばかりか,,bakari ka,N2,not only ... but also,Verb-plain / i-Adj / na-Adj + な / Noun + ばかりか,彼は約束の時間に遅れたばかりか、謝りもしなかった。,"Not only was he late, he didn't even apologize.",addition; emphasis,"Stronger than 〜だけでなく; the second item is often more surprising and marked by も, まで or さえ. Unlike 〜だけでなく, it isn't followed by commands or requests."
bakari-ni,〜ばかりに,,bakari ni,N2,simply because; just because (with a bad result),Verb-plain / i-Adj / na-Adj + な / na-Adj + である / Noun + である + ばかりに,確認を一つ怠ったばかりに、大きな損害を出してしまった。,"Simply because I skipped one check, I ended up causing heavy losses.",reason; regret; result,"The main clause is an unwanted result, often with regret. The set form 〜たいばかりに ('just because one wanted to') explains a strong motive."
bakari-da,〜ばかりだ,,bakari da,N2,keep (getting worse); only continue to,Verb-dict + ばかりだ,駅前の商店街は、客が減るばかりだ。,The shopping street in front of the station just keeps losing customers.,change; tendency,"Change continuing in one direction, almost always for the worse. 〜一方だ (N3) is similar but can also describe neutral or good trends."
wa-mochiron-wa-motoyori,〜はもちろん / 〜はもとより,,wa mochiron / wa motoyori,N2,not to mention; of course ... and also,Noun + はもちろん / Noun + はもとより,この公園は、週末はもちろん平日も家族連れでにぎわう。,"This park is busy with families on weekdays, not to mention weekends.",addition; emphasis,A is the obvious case; B is added with も or まで. 〜はもとより is more formal and written than 〜はもちろん.
wa-tomokaku,〜はともかく,,wa tomokaku,N2,setting aside; regardless of; whatever about,Noun + はともかく / Noun + はともかくとして,見た目はともかく、味はなかなかいい。,"Looks aside, it tastes pretty good.",contrast; topic,"Sets A aside to focus on B, which the speaker sees as more important. Compare 〜はさておき, used more to shelve a topic for now and move on."
wa-sateoki,〜はさておき,,wa sateoki,N2,leaving aside; putting aside (for now),Noun + はさておき,冗談はさておき、そろそろ本題に入りましょう。,"Joking aside, let's get down to business.",topic; contrast,"Often used to switch to the main point, as in 冗談はさておき or それはさておき. Slightly more formal than 〜はともかく."
hanmen,〜反面 / 〜半面,〜はんめん / 〜はんめん,hanmen,N2,on the other hand; while (it is ...),Verb-plain / i-Adj / na-Adj + な / na-Adj + である / Noun + である + 反面,都会の暮らしは便利な反面、ストレスも多い。,"City life is convenient, but on the other hand it's also stressful.",contrast,Presents two opposite sides of the same thing. 〜一方で (N3) is broader and can also contrast two different things.
nagara-mo,〜ながら（も）,,nagara mo,N2,although; despite; while (contrary to expectation),Verb-stem / Verb-nai / i-Adj / na-Adj / Noun + ながら（も）,狭いながらも、日当たりのいい快適な部屋だ。,"Although it's small, it's a comfortable, sunny room.",concession; written,"Not the 'while doing' ながら: the subject is in state A, yet B is true. Set phrases: 残念ながら, 知りながら, 及ばずながら."
tsutsu-tsutsu-mo,〜つつ / 〜つつも,,tsutsu / tsutsu mo,N2,"while (doing); although, even while",Verb-stem + つつ / Verb-stem + つつも,今年の業績を振り返りつつ、来年の目標を考えたい。,"While looking back on this year's results, I'd like to think about next year's goals.",simultaneity; concession; written,"つつ alone is a written 〜ながら (two actions at once). つつも means 'although', typically with verbs of knowing or thinking (思いつつ, 知りつつ)."
tsutsu-aru,〜つつある,,tsutsu aru,N2,be in the process of; be gradually (changing),Verb-stem + つつある,地球の平均気温は、年々上昇しつつある。,The earth's average temperature is steadily rising year by year.,change; written,"Written style for change that is underway toward some result. Used with change verbs (増える, 回復する, 変わる), not with simple ongoing actions like 食べる."
ppanashi,〜っぱなし,,ppanashi,N2,leaving (something) as is; keep (doing) without a break,Verb-stem + っぱなし,部屋の電気をつけっぱなしにして出かけてしまった。,I went out and left the light on in my room.,state; criticism; casual,"Either something left undone that should have been dealt with (often a complaint), or a state that goes on without a break. Conversational."
nuku,〜抜く,〜ぬく,nuku,N2,do to the very end; see through; do thoroughly,Verb-stem + 抜く,足を痛めていたが、彼は最後まで走り抜いた。,"Although he had hurt his leg, he ran all the way to the finish.",completion; emphasis,"Stresses finishing something hard despite difficulty, or doing it to the fullest (考え抜く, 生き抜く)."
uru-enai,〜得る / 〜得ない,〜うる / 〜えない,uru / enai,N2,can; be possible / cannot; be impossible,Verb-stem + 得る / Verb-stem + 得ない,どんなに注意していても、事故は起こり得る。,"No matter how careful you are, accidents can happen.",possibility; written,"Logical possibility, not personal skill (not ×泳ぎ得る for 'can swim'). The positive is read うる or える; other forms use え- (えない, えた)."
gatai,〜がたい,,gatai,N2,hard to; almost impossible to (emotionally),Verb-stem + がたい,あの誠実な人が不正をしたとは、信じがたい。,It's hard to believe that such an honest person committed fraud.,possibility; emotion; written,"Used with verbs of thinking and feeling (信じる, 理解する, 許す, 離れる). Unlike 〜にくい, not for physical difficulty (×この肉は食べがたい)."
you-ga-nai,〜ようがない,,you ga nai,N2,there's no way to; cannot possibly (no means available),Verb-stem + ようがない / Noun + の + しようがない,連絡先が分からないので、知らせようがない。,"I don't have his contact details, so there's no way to let him know.",possibility; negation; means,"There's no method at all, even if one wanted to. 〜ようもない is more emphatic. With suru-nouns: 説明のしようがない."
you-de-wa,〜ようでは,,you de wa,N2,"if (you are like this / keep doing this), (it's no good)",Verb-plain + ようでは,こんな簡単なミスをするようでは、大きな仕事は任せられない。,"If you make simple mistakes like this, we can't trust you with big jobs.",condition; criticism,"Criticizes an undesirable state and predicts a bad outcome; the main clause is negative (〜ない, 困る, だめだ)."
te-naranai,〜てならない,,te naranai,N2,can't help (feeling); feel terribly; extremely,Verb-te + ならない / i-Adj-ku + てならない / na-Adj + でならない,故郷の母のことが心配でならない。,I can't stop worrying about my mother back home.,emotion; degree,"For feelings or impressions that arise on their own (気がする, 思われる, 心配だ, 残念だ). More formal and written than 〜てたまらない / 〜てしょうがない."
te-koso,〜てこそ,,te koso,N2,only by (doing); only when,Verb-te + こそ,自分で経験してこそ、本当の意味で理解できるのだ。,Only by experiencing it yourself can you truly understand it.,condition; emphasis,"Stresses that A is the essential condition for the real value or result in B. 〜てはじめて (N3) is more neutral, focusing on timing."
te-kara-de-nai-to,〜てからでないと,,te kara de nai to,N2,not until (after doing); only after,Verb-te + からでないと / Verb-te + からでなければ,実物を見てからでないと、買うかどうか決められない。,I can't decide whether to buy it until I've seen the real thing.,condition; sequence,The main clause is negative or expresses difficulty: B can't happen unless A is done first.
te-irai,〜て以来,〜ていらい,te irai,N2,ever since,Verb-te + 以来 / Noun + 以来,大学を卒業して以来、彼とは一度も会っていない。,I haven't seen him once since we graduated from university.,time,"The main clause is a state or habit continuing from that past point up to now, not a single later event. More formal than 〜てから."
ni-suginai,〜に過ぎない,〜にすぎない,ni suginai,N2,merely; nothing more than; only,Verb-plain / Noun + に過ぎない,それは単なるうわさに過ぎない。,That's nothing more than a rumor.,limitation; emphasis; formal,Downplays something as small or unimportant. Often with ただ or 単なる.
ni-kagiru,〜に限る,〜にかぎる,ni kagiru,N2,nothing beats; the best thing is,Verb-dict / Verb-nai / Noun + に限る,疲れたときは、早く寝るに限る。,"When you're tired, there's nothing better than going to bed early.",advice; suggestion,"The speaker's personal conviction that something is the best choice; conversational. For a more general 'it's best to', use 〜に越したことはない."
ni-kagirazu,〜に限らず,〜にかぎらず,ni kagirazu,N2,not only; not limited to,Noun + に限らず,この遊園地は、子どもに限らず大人にも人気がある。,This amusement park is popular not only with children but with adults as well.,range; addition,Widens the scope beyond A; the second part usually has も. Close to 〜だけでなく but a bit more formal.
ni-kagitte,〜に限って,〜にかぎって,ni kagitte,N2,of all (times/people); precisely when; (someone) of all people wouldn't,Noun + に限って,傘を持っていない日に限って、雨が降るんだよね。,It always rains on exactly the days I don't have an umbrella.,limitation; emphasis,"Two uses: (1) 'just when', complaining that bad luck strikes at the worst time; (2) with はずがない / ない, firm trust that a particular person wouldn't do something."
ni-kagiri,〜に限り,〜にかぎり,ni kagiri,N2,limited to; only (for),Noun + に限り,本日ご来店のお客様に限り、全商品を二割引きいたします。,"For customers visiting today only, all items are 20% off.",limitation; formal,"Formal; typical of notices, ads and rules to state who or what a condition applies to."
kagiri,〜かぎり,,kagiri,N2,as long as; as far as (to the limit of),Verb-dict / Verb-te + いる / i-Adj / na-Adj + である / Noun + である + かぎり,私の知るかぎり、彼が約束を破ったことは一度もない。,"As far as I know, he has never once broken a promise.",condition; limitation; range,"'As long as' a condition holds, or 'as far as' the limit of knowledge or ability (私の知るかぎり, できるかぎり). Also written 限り. Different from 〜に限り (limited to)."
nai-kagiri,〜ないかぎり,,nai kagiri,N2,unless; as long as ... not,Verb-nai + かぎり,よほどのことがないかぎり、明日の会議には出席します。,"Unless something serious comes up, I'll attend tomorrow's meeting.",condition; negation,B holds as long as A doesn't happen. More emphatic and formal than 〜なければ.
ni-kakete-wa,〜にかけては,,ni kakete wa,N2,when it comes to; in terms of (skill),Noun + にかけては / Noun + にかけても,料理の腕にかけては、うちの父は誰にも負けない。,"When it comes to cooking, my father is second to none.",topic; ability,"Praises someone's ability in a specific field; typically followed by 誰にも負けない, 一番だ, 自信がある."
ni-kotaete,〜にこたえて,,ni kotaete,N2,"in response to; meeting (expectations, requests)",Noun + にこたえて / Noun + にこたえる + Noun,ファンの声援にこたえて、選手たちは手を振った。,The players waved in response to the fans' cheers.,relation; formal,"Used with nouns like 期待, 要望, 声援, 要求. Also written 〜に応えて. Compare 〜に応じて, which means adjusting to a condition."
ni-sakidatte,〜に先立って,〜にさきだって,ni sakidatte,N2,prior to; before,Noun + に先立って / Verb-dict + に先立って / Noun + に先立つ + Noun,新作映画の公開に先立って、完成披露試写会が開かれた。,"Prior to the release of the new film, a premiere screening was held.",time; sequence; formal,Formal; for preparations or events that come before an important occasion. 〜に先立ち is the written form.
ni-shiro-ni-seyo,〜にしろ / 〜にせよ,,ni shiro / ni seyo,N2,even if; whether ... or ...; in any case,Verb-plain / i-Adj / na-Adj / Noun + にしろ・にせよ,たとえ冗談にしろ、そんなことを言うべきではない。,"Even if it was a joke, you shouldn't say something like that.",concession; formal,Same meaning as 〜にしても (N3) but more formal; にせよ is the most written. The paired form AにしろBにしろ means 'whether A or B'.
ni-sureba-ni-shitara,〜にすれば / 〜にしたら,,ni sureba / ni shitara,N2,"from the standpoint of; for (someone), (it would seem)",Noun + にすれば / Noun + にしたら,子どもにすれば、親の小言はうるさいだけなのだろう。,"From a child's point of view, parents' nagging is probably just annoying.",standpoint,"Imagines how things feel from another person's position (usually not the speaker's). Unlike 〜にとって, it focuses on that person's feelings or opinion."
ni-soui-nai,〜に相違ない,〜にそういない,ni soui nai,N2,without doubt; must be; surely,Verb-plain / i-Adj / na-Adj / Noun + に相違ない,この筆跡は、父のものに相違ない。,This handwriting is without doubt my father's.,conjecture; formal; written,"A written, formal equivalent of 〜に違いない (N3). Also seen on forms: 上記の通り相違ありません ('the above is correct')."
ni-koshita-koto-wa-nai,〜に越したことはない,〜にこしたことはない,ni koshita koto wa nai,N2,it's best to; nothing is better than,Verb-dict / Verb-nai / i-Adj / na-Adj / Noun + に越したことはない,どんなに健康でも、定期的に検診を受けるに越したことはない。,"No matter how healthy you are, it's best to get regular checkups.",advice; suggestion,"States a common-sense preference, often followed by が / けれど and a practical reservation. Compare 〜に限る, which is a more personal choice."
ni-hoka-naranai,〜にほかならない,,ni hoka naranai,N2,nothing other than; none other than; precisely,Noun + にほかならない / Verb-plain + から + にほかならない,今回の成功は、社員一人ひとりの努力の結果にほかならない。,This success is nothing other than the result of each employee's efforts.,emphasis; written,Strongly asserts that this and nothing else is the case. 〜からにほかならない stresses a reason. Formal/written.
ni-mo-kakawarazu,〜にもかかわらず,,ni mo kakawarazu,N2,despite; in spite of; although,Verb-plain / i-Adj / na-Adj + である / Noun + にもかかわらず,悪天候にもかかわらず、大勢の観客が会場に集まった。,"Despite the bad weather, a large crowd gathered at the venue.",concession; formal,"A formal counterpart of 〜のに, common in news and writing; stresses that the result goes against what A would lead one to expect. Don't confuse with 〜にかかわらず (regardless of)."
ni-atatte,〜にあたって,,ni atatte,N2,when; at the time of; on the occasion of (starting something important),Noun + にあたって / Verb-dict + にあたって / Noun + にあたっての + Noun,新生活を始めるにあたって、必要な物をリストにまとめた。,"When starting my new life, I made a list of the things I'd need.",time; formal,"Formal; used when facing an important undertaking, often with a sense of preparation or resolve. 〜に際して is similar but simply marks the occasion. Written form: 〜にあたり."
ni-oite-ni-okeru,〜において / 〜における,,ni oite / ni okeru,N2,in; at; in the field of (formal),Noun + において / Noun + における + Noun,卒業式は大講堂において行われます。,The graduation ceremony will be held in the main auditorium.,range; formal; written,"A formal version of で for places, times, fields or situations. Before a noun, the form is 〜における."
ni-kakawarazu,〜にかかわらず,,ni kakawarazu,N2,regardless of; irrespective of,Noun + にかかわらず / Verb-dict + Verb-nai + にかかわらず,このセミナーは、経験の有無にかかわらず、どなたでも参加できます。,"Anyone can join this seminar, regardless of experience.",concession; range; formal,"Used with nouns implying a range or an opposite pair (年齢, 天候, 有無, 男女). Very close to 〜を問わず. Don't confuse with 〜にもかかわらず (despite)."
ni-kakawaru,〜にかかわる,,ni kakawaru,N2,affecting; concerning (something important); relating to,Noun + にかかわる,これは人の命にかかわる問題だから、慎重に判断しなければならない。,"This is a matter of life and death, so we must judge carefully.",relation,"Used for things with serious consequences: 命, 名誉, 信用, 将来. Also written 〜に関わる."
ni-tsuki,〜につき,,ni tsuki,N2,per; for each; due to (in formal notices),Noun + につき,駐車料金は、一時間につき三百円です。,Parking costs 300 yen per hour.,reason; quantity; formal,"Two separate uses: 'per' with quantities, and 'because of' on notices and signs (工事中につき). The reason use is very formal."
ni-mukete,〜に向けて,〜にむけて,ni mukete,N2,toward; aimed at; in preparation for; addressed to,Noun + に向けて / Noun + に向けた + Noun,来年の全国大会に向けて、毎日練習に励んでいる。,We're practicing hard every day for next year's national tournament.,purpose; relation,"Marks a goal or event being worked toward, or the audience something is directed at. Different from 〜向け (N3), 'designed for'."
no-moto-de-no-moto-ni,〜のもとで / 〜のもとに,,no moto de / no moto ni,N2,"under (guidance, influence, a rule); with",Noun + のもとで / Noun + のもとに,私は大学院で、有名な教授のもとで研究を続けた。,"In graduate school, I continued my research under a famous professor.",relation; state; formal,"Under someone's guidance, protection or influence, or under a rule or condition. Often written 〜の下で / 〜の下に."
nuki-de-nuki-ni,〜抜きで / 〜抜きに,〜ぬきで / 〜ぬきに,nuki de / nuki ni,N2,without; leaving out,Noun + 抜きで / Noun + 抜きに / Noun + 抜きの + Noun,今日は仕事の話抜きで、ゆっくり楽しみましょう。,Let's leave work talk out of it today and just relax and enjoy ourselves.,exclusion; manner,Leaves out something normally included. 〜抜きには〜ない / 〜を抜きにしては〜ない means 'can't ... without'.
o-komete,〜をこめて,,o komete,N2,with (feeling); full of; putting ... into,Noun + をこめて,母の誕生日に、感謝の気持ちをこめて手紙を書いた。,"For my mother's birthday, I wrote her a letter full of gratitude.",emotion; manner,"Used with feelings or intentions (愛, 感謝, 願い, 心). Also written 〜を込めて."
o-chuushin-ni,〜を中心に,〜をちゅうしんに,o chuushin ni,N2,centered on; focusing on; mainly,Noun + を中心に / Noun + を中心として / Noun + を中心とした + Noun,今回の地震では、沿岸部を中心に大きな被害が出た。,"In this earthquake, serious damage occurred mainly in coastal areas.",range; relation,"A is the core or main part of a wider area, group or activity."
o-moto-ni,〜をもとに,,o moto ni,N2,based on; using ... as a basis or source,Noun + をもとに / Noun + をもとにして / Noun + をもとにした + Noun,この小説は、作者自身の体験をもとに書かれている。,This novel is based on the author's own experiences.,relation; means,A is the material or hint from which something new is made. 〜に基づいて is used when strictly following a rule or fact as a standard.
o-towazu,〜を問わず,〜をとわず,o towazu,N2,regardless of; irrespective of,Noun + を問わず,この仕事は、年齢や経験を問わず応募できます。,Anyone can apply for this job regardless of age or experience.,range; formal,"Used with nouns implying a range or an opposite pair (男女, 昼夜, 国内外). Very close to 〜にかかわらず; を問わず is typical of job ads and notices."
o-hajime,〜をはじめ,,o hajime,N2,starting with; including; such as (a representative example),Noun + をはじめ / Noun + をはじめとして / Noun + をはじめとする + Noun,京都には、金閣寺をはじめ、多くの有名な寺がある。,"Kyoto has many famous temples, including Kinkakuji.",example; addition,"Names the most representative member of a group, then refers to the group as a whole. The main clause covers many items, not just A."
o-to-shite,〜を〜として,,o ... to shite,N2,treating (A) as (B); with A as B,Noun + を + Noun + として / Noun + を + Noun + とする,この大会は、地域の活性化を目的として開かれている。,This event is held with the aim of revitalizing the local area.,standpoint; manner,"Puts A in the role or function of B; common B nouns are 目的, 目標, 中心, 対象, 条件. 〜を〜にして is a more casual variant."
ka-to-iu-to,〜かというと,,ka to iu to,N2,"if you ask whether (actually, not); the reason why ... is",Verb-plain / i-Adj / na-Adj / Noun + かというと / Question word + … + かというと,高い料理ならおいしいかというと、必ずしもそうではない。,Is expensive food always delicious? Not necessarily.,question; topic,"With a question word (なぜ, どうして) it introduces an explanation. Without one, it raises a question only to deny the easy assumption (〜かというと、そうではない). Also 〜かといえば."
ka-to-omottara-ka-to-omou-to,〜かと思ったら / 〜かと思うと,〜かとおもったら / 〜かとおもうと,ka to omottara / ka to omou to,N2,just when; no sooner than; the moment,Verb-ta + かと思ったら / Verb-ta + かと思うと,空が急に暗くなったかと思ったら、激しい雨が降り出した。,No sooner had the sky suddenly gone dark than it started to pour.,time; sequence; surprise,"B follows A immediately and unexpectedly. It describes what the speaker observes, so it isn't used for the speaker's own actions."
ka-nai-ka-no-uchi-ni,〜か〜ないかのうちに,,ka ... nai ka no uchi ni,N2,as soon as; barely ... when,Verb-dict + か + Verb-nai + かのうちに / Verb-ta + か + Verb-nai + かのうちに,ベルが鳴るか鳴らないかのうちに、生徒たちは教室を飛び出した。,The bell had barely rung when the students rushed out of the classroom.,time; simultaneity,The same verb is repeated in positive and negative: it's unclear whether A has even finished before B happens. Describes observed events.
kiri,〜きり,,kiri,N2,since (and nothing after); only; just,Verb-ta + きり / Noun + きり,兄は十年前に家を出たきり、一度も連絡をよこさない。,My brother left home ten years ago and hasn't been in touch once since.,limitation; time,"Verb-ta + きり: something happened and the expected follow-up never came (often with ない). Noun + きり: 'only' (一度きり, 二人きり). Casual: 〜っきり."
ge,〜げ,,ge,N2,seeming; looking (as if); with an air of,i-Adj stem + げ / na-Adj + げ / Verb-stem + たげ,彼女は窓の外を寂しげに見つめていた。,She was gazing out the window with a lonely look.,appearance; emotion; written,"Describes a feeling visible in someone's face or manner; conjugates like a na-adjective (〜げな, 〜げに). Rather literary."
kko-nai,〜っこない,,kko nai,N2,no way; there's absolutely no chance,Verb-stem + っこない,こんな量の仕事、一日で終わりっこないよ。,There's no way this much work will get done in one day.,possibility; negation; casual,"Casual speech only; often with potential verbs (できっこない, 分かりっこない). A casual equivalent of 〜わけがない."
dokoro-ka,〜どころか,,dokoro ka,N2,far from; let alone; on the contrary,Verb-plain / i-Adj / na-Adj / Noun + どころか,薬を飲んだが、熱は下がるどころか、ますます高くなった。,"I took medicine, but far from going down, my fever got even higher.",contrast; emphasis,"Either the reality is the opposite of A, or not even something lesser than A is possible (AどころかBも〜ない)."
dokoro-de-wa-nai,〜どころではない,,dokoro de wa nai,N2,this is no time for; out of the question,Verb-dict / Noun + どころではない,来週は試験なので、遊びに行くどころではない。,"I have exams next week, so this is no time to be going out.",negation; emphasis,The circumstances make A impossible or unthinkable right now. Casual: 〜どころじゃない.
to-wa-kagiranai,〜とは限らない,〜とはかぎらない,to wa kagiranai,N2,not necessarily; not always,Verb-plain / i-Adj / na-Adj / Noun + とは限らない,値段が高いからといって、品質がいいとは限らない。,Just because something is expensive doesn't necessarily mean it's good quality.,negation; possibility,Denies that something is always true; often with 必ずしも or 〜からといって.
to-iu-mono-da,〜というものだ,,to iu mono da,N2,that's what (A) is; that's just how it is; that's really,Verb-plain / i-Adj / na-Adj / Noun + というものだ,困っている人がいたら助ける。それが人情というものだ。,"When someone's in trouble, you help them. That's what human kindness is.",emphasis; criticism,A firm opinion about what something really is or how things naturally are. Often used to criticize an attitude.
to-iu-mono-de-wa-nai,〜というものではない,,to iu mono de wa nai,N2,it's not (necessarily) the case that; it doesn't follow that,Verb-plain / i-Adj / na-Adj / Noun + というものではない,練習は長くやればいいというものではない。,Longer practice isn't automatically better practice.,negation; criticism,Rejects an oversimplified belief; often with 〜ばいい or 〜さえ〜ば. 〜というものでもない is a softer variant.
to-itte-mo,〜といっても,,to itte mo,N2,although I say; even though (it's called),Verb-plain / i-Adj / na-Adj / Noun + といっても,料理ができるといっても、簡単なものしか作れません。,"I say I can cook, but I can only make simple things.",concession; limitation,"Corrects or limits what the listener might assume from the first statement. Often followed by たった, ただ or 〜しか〜ない."
to-ieba-to-iu-to,〜といえば / 〜というと,,to ieba / to iu to,N2,speaking of; when you think of; if you mention,Noun + といえば / Noun + というと,日本の夏の風物詩といえば、やはり花火大会だろう。,"When you think of summer traditions in Japan, fireworks festivals come to mind first.",topic; example,"Introduces something closely associated with a topic, or picks up a word just mentioned to shift the conversation. 〜といったら is a more emotional variant."
hoka-nai,〜ほかない,,hoka nai,N2,have no choice but to; there's nothing to do but,Verb-dict + ほかない / Verb-dict + よりほかない,終電を逃してしまったので、タクシーで帰るほかない。,"I've missed the last train, so I have no choice but to take a taxi home.",obligation; decision,"A somewhat formal equivalent of 〜しかない (N3). Variants: 〜ほかはない, 〜よりほかない, 〜ほかしかたがない."
mai,〜まい,,mai,N2,will not (resolve); probably won't (conjecture),Verb-dict + まい / Verb-stem (ichidan verbs) + まい,あんな恥ずかしい思いは、二度とするまいと心に誓った。,I swore to myself that I would never go through such embarrassment again.,negation; intention; conjecture,Written/formal. First person: firm resolve not to (〜ないつもりだ). Others: negative guess (〜ないだろう). する → するまい / すまい. Often 〜まいと思う / 〜まいと決心する.
you-de-wa-nai-ka,〜（よ）うではないか,,you de wa nai ka,N2,let's (formal call to action); why don't we,Verb-volitional + ではないか / Verb-volitional + ではありませんか,この町の未来のために、皆で力を合わせようではないか。,"For the future of this town, let us all join forces.",invitation; formal,"A strong, formal appeal to a group, typical of speeches and editorials. The casual version is 〜(よ)うじゃないか."
mo-kamawazu,〜もかまわず,,mo kamawazu,N2,without caring about; regardless of; paying no attention to,Noun + もかまわず / Verb-plain + の + もかまわず,彼女は人目もかまわず、駅のホームで大声で泣いた。,"She cried out loud on the station platform, not caring who was watching.",manner; criticism,"Doing something without minding what people would normally care about (人目, 周囲, 雨). Often implies disapproval."
jou,〜上,〜じょう,jou,N2,from the standpoint of; in terms of; for reasons of,Noun + 上 / Noun + 上の + Noun,この映画には、教育上好ましくない場面が多い。,This movie has many scenes that are undesirable from an educational standpoint.,standpoint; formal; written,"Attaches to Sino-Japanese nouns (歴史上, 経験上, 健康上, 表面上). Read じょう, not うえ."
osore-ga-aru,〜おそれがある,,osore ga aru,N2,there is a risk that; could (bad outcome),Verb-dict + おそれがある / Noun + の + おそれがある,台風の影響で、今夜から大雨になるおそれがあります。,"Due to the typhoon, there is a risk of heavy rain from tonight.",possibility; formal,"For undesirable possibilities; typical of news, weather reports and official warnings. Also written 〜恐れがある. 〜かねない sounds more like the speaker's own judgment."
sei-ka,〜せいか,,sei ka,N2,perhaps because; maybe due to,Verb-plain / i-Adj / na-Adj + な / Noun + の + せいか,年のせいか、最近疲れが取れにくくなった。,"Maybe it's my age, but lately it takes longer to recover from fatigue.",reason; conjecture,The speaker isn't sure of the cause. Mostly for bad or neutral results; for good results おかげか is also used.
dake-atte-dake-ni,〜だけあって / 〜だけに,,dake atte / dake ni,N2,as might be expected (since); precisely because; all the more because,Verb-plain / i-Adj / na-Adj + な / Noun + だけあって・だけに,さすが一流ホテルだけあって、サービスが行き届いている。,"As you'd expect from a first-class hotel, the service is impeccable.",reason; emphasis,だけあって praises a result that matches expectations (often with さすが). だけに also means 'all the more because' and can lead to negative outcomes.
dake-no-koto-wa-aru,〜だけのことはある,,dake no koto wa aru,N2,it's no wonder; it lives up to; as expected of,Verb-plain / i-Adj / na-Adj + な / Noun + だけのことはある,この料理は本当においしい。人気店だけのことはある。,This food is really delicious. No wonder the place is so popular.,reason; emphasis,"Judges a result as fully justified by the effort, price or reputation; often with さすが. Like 〜だけあって, but placed at the end of the sentence."
tatoe-te-mo,たとえ〜ても,,tatoe ... te mo,N2,even if; no matter,たとえ + Verb-te + も / たとえ + i-Adj-ku + ても / たとえ + na-Adj + でも / たとえ + Noun + でも,たとえ反対されても、自分の夢を諦めるつもりはない。,"Even if people oppose me, I have no intention of giving up my dream.",concession; condition; emphasis,たとえ signals a hypothetical 'even if' in advance and strengthens it. A more written variant is たとえ〜としても.
yara-yara,〜やら〜やら,,yara ... yara,N2,what with ... and ...; and ... and (among other things),Noun + やら + Noun + やら / Verb-dict + やら + Verb-dict + やら / i-Adj + やら + i-Adj + やら,引っ越しの前は、荷造りやら手続きやらで目が回るほど忙しかった。,"Before the move, what with packing and paperwork, I was run off my feet.",example; emotion,"Lists a few examples among many, often suggesting chaos or mixed feelings. Frequently followed by で + 大変だ / 忙しい."
zu-ni-sumu-naide-sumu,〜ずに済む / 〜ないで済む,〜ずにすむ / 〜ないですむ,zu ni sumu / naide sumu,N2,get by without; not have to; be spared from,Verb-nai stem + ずに済む / Verb-nai + で済む,友人が車で送ってくれたので、タクシーを使わずに済んだ。,"My friend gave me a ride, so I didn't have to take a taxi.",necessity; negation,"Something unpleasant or costly turned out to be unnecessary. する → せずに済む. Compare Noun + で済む, 'be settled with just ...'."
you-ni-yotte-wa,〜ようによっては,,you ni yotte wa,N2,depending on how (one does it),Verb-stem + ようによっては,考えようによっては、今回の失敗はいい教訓になったとも言える。,"Depending on how you look at it, you could say this failure taught us a good lesson.",condition; manner,"Mostly with 考え, 見, 言い, 使い: the result changes with the way A is done. Often offers a positive reinterpretation."
