character,level,strokes,grade,freq,radical,radical_number,onyomi,kunyomi,nanori,meanings,words
日,N5,4,1,1,日,72,ニチ; ジツ,ひ; -び; -か,あ; あき; いる; く; くさ; こう; す; たち; に; にっ; につ; へ,day; sun; Japan; counter for days,明日; 一日; 五日; 昨日; 今日; 九日; 十日; 七日
一,N5,1,1,2,一,1,イチ; イツ,ひと-; ひと.つ,かず; い; いっ; いる; かつ; かづ; てん; はじめ; ひ; ひとつ; まこと,one; one radical (no.1),一; 一日; 一緒; 一つ; 一月; 一人; 一昨日; 一昨年
国,N5,8,2,3,囗,31,コク,くに,くな; こ,country,国; 外国; 外国人; 国際; 国語; 国民; 国家; 国会
人,N5,2,1,5,人,9,ジン; ニン,ひと; -り; -と,じ; と; ね; ひこ; ふみ,person,人; 大人; 一人; 二人; 外国人; 人口; 人形; 御主人
年,N5,6,1,6,干,51,ネン,とし,ね,year; counter for years,年; 去年; 今年; 毎年; 来年; 一昨年; さ来年; 万年筆
大,N5,3,1,7,大,37,ダイ; タイ,おお-; おお.きい; -おお.いに,うふ; お; おう; た; たかし; とも; はじめ; ひろ; ひろし; まさ; まさる; もと; わ,large; big,大勢; 大人; 大学; 大切; 大きい; 大きな; 大使館; 大丈夫
十,N5,2,1,8,十,24,ジュウ; ジッ; ジュッ,とお; と; そ,い; か; ぎ; さ; し; そう; ち; とう; ね; ま; る; わ,ten,十; 十日; 二十歳; 二十日; 十分; 五十音; 十字路
二,N5,2,1,9,二,7,ニ; ジ,ふた; ふた.つ; ふたたび,おと; つぐ; つぎ; にい; は; ふ; ふたつ; ふだ; わ,two; two radical (no. 7),二; 二つ; 二人; 二日; 二十歳; 二十日; 二階建て; 真っ二つ
本,N5,5,1,10,木,75,ホン,もと,まと; ごう,book; present; main; origin; true; real; counter for long cylindrical things,本; 本棚; 基本; 資本; 日本; 本当; 本人; 本物
中,N5,4,1,11,丨,2,チュウ,なか; うち; あた.る,あたる; かなえ,in; inside; middle; mean; center,中; 背中; 途中; 中々; 中学校; 真ん中; 最中; 集中
長,N5,8,2,12,長,168,チョウ,なが.い; おさ,お; おしゃ; たかし; たけ; な; は; ひさ,long; leader; superior; senior,長い; 課長; 校長; 社長; 部長; 議長; 身長; 成長
出,N5,5,1,13,凵,17,シュツ; スイ,で.る; -で; だ.す; -だ.す; い.でる; い.だす,いず; いづ; いで; じ; すっ; すつ; てん,exit; leave; go out; come out; put out; protrude,出す; 出口; 出る; 出かける; 出席; 出発; 輸出; 思い出す
三,N5,3,1,14,一,1,サン; ゾウ,み; み.つ; みっ.つ,か; さ; さい; さえ; さぶ; ざ; ざえ; ざぶ; そう; ぞ; ただ; みつ; みん; も; や,three,三; 三日; 三つ; 再三; 三角; 三日月; 三味線
時,N5,10,2,16,日,72,ジ,とき; -どき,と; とぎ,time; hour,時間; 時々; 時計; 時代; 時; 一時; 時期; 時刻
行,N5,6,2,20,行,144,コウ; ギョウ; アン,い.く; ゆ.く; -ゆ.き; -ゆき; -い.き; -いき; おこな.う; おこ.なう,いく; なみ; なめ; みち; ゆき; ゆく,going; journey; carry out; conduct; act; line; row; bank,行く; 銀行; 旅行; 飛行機; 行う; 急行; 飛行場; 行き
見,N5,7,1,22,見,147,ケン,み.る; み.える; み.せる,,see; hopes; chances; idea; opinion; look at; visible,見る; 見せる; 意見; 見物; 拝見; 花見; 見える; お見舞い
月,N5,4,1,23,月,74,ゲツ; ガツ,つき,おと; がっ; す; ずき; もり,month; moon,今月; 先月; 一月; 毎月; 来月; 月曜日; さ来月; 月曜
後,N5,9,2,26,彳,60,ゴ; コウ,のち; うし.ろ; うしろ; あと; おく.れる,こし; し; しい; しり,behind; back; later,後; 後ろ; 午後; 最後; 後者; 今後; 明後日; 以後
前,N5,9,2,27,刀,18,ゼン,まえ; -まえ,さき; さと; まい,in front; before,前; 午前; 名前; 以前; 前者; 前進; 前後; 直前
生,N5,5,1,29,生,100,セイ; ショウ,い.きる; い.かす; い.ける; う.まれる; うま.れる; う.まれ; うまれ; う.む; お.う; は.える; は.やす; き; なま; なま-; な.る; な.す; む.す; -う,あさ; いき; いく; いけ; うぶ; うまい; え; おい; ぎゅう; くるみ; ごせ; さ; じょう; すぎ; そ; そう; ちる; なば; にう; にゅう; ふ; み; もう; よい; りゅう,life; genuine; birth,学生; 生徒; 先生; 誕生日; 留学生; 生まれる; 生活; 生産
五,N5,4,1,31,二,7,ゴ,いつ; いつ.つ,い; さ; さつ; ち; ふ; み; め,five,五; 五日; 五つ; 五十音; 四捨五入; 五月蝿い
間,N5,12,2,33,門,169,カン; ケン,あいだ; ま; あい,ちか; は; はざ; はし,interval; space,時間; 間; 昼間; 間違える; 間に合う; 居間; 期間; 週間
上,N5,3,1,35,一,1,ジョウ; ショウ; シャン,うえ; -うえ; うわ-; かみ; あ.げる; -あ.げる; あ.がる; -あ.がる; あ.がり; -あ.がり; のぼ.る; のぼ.り; のぼ.せる; のぼ.す; たてまつ.る,あおい; あげ; い; か; かき; かず; かん; こう; のぼり; ほつ,above; up,上; 上着; 上手; 上げる; 上る; 以上; 屋上; 差し上げる
東,N5,8,2,37,木,75,トウ,ひがし,あい; あがり; あずま; あづま; こち; さき; しの; とお; はる; ひが; もと,east,東; 関東; 東西; 東洋
四,N5,5,1,47,囗,31,シ,よ; よ.つ; よっ.つ; よん,あ; つ; よつ,four,四; 四日; 四つ; 四角; 四季; 四角い; 四つ角; 四捨五入
今,N5,4,2,49,人,9,コン; キン,いま,な,now,今; 今日; 今朝; 今年; 今月; 今週; 今晩; 今度
金,N5,8,1,53,金,167,キン; コン; ゴン,かね; かな-; -がね,かん; きむ; こ; この; ん,gold,お金; 金曜日; お金持ち; 金; 金額; 金庫; 金銭; 金属
九,N5,2,1,55,乙,5,キュウ; ク,ここの; ここの.つ,いちじく; いちのく; この; ひさし,nine,九; 九日; 九つ
入,N5,2,1,56,入,11,ニュウ; ジュ,い.る; -い.る; -い.り; い.れる; -い.れ; はい.る,いり; いる; に; の; りり,enter; insert,入口; 入る; 入れる; 入院; 入学; 輸入; 押し入れ; 記入
学,N5,8,1,63,子,39,ガク,まな.ぶ,たか; のり,study; learning; science,学生; 学校; 大学; 留学生; 医学; 科学; 数学; 入学
高,N5,10,2,65,高,189,コウ,たか.い; たか; -だか; たか.まる; たか.める,か; こ; じょい; た; はか,tall; high; expensive,高い; 高校; 高校生; 高等学校; 高価; 高速; 最高; 高級
円,N5,4,1,69,冂,13,エン,まる.い; まる; まど; まど.か; まろ.やか,つぶら; のぶ; まどか; みつ,circle; yen; round,円; 円周; 楕円; 円い; 円滑; 円満
子,N5,3,1,72,子,39,シ; ス; ツ,こ; -こ; ね,い; き; ぎ; く; け; ねっ,child; sign of the rat; 11PM-1AM; first sign of Chinese zodiac,子供; 帽子; お菓子; 男の子; 女の子; 子; 息子; 王子
外,N5,5,2,81,夕,36,ガイ; ゲ,そと; ほか; はず.す; はず.れる; と-,うい; け; ふか,outside,外; 外国; 外国人; 以外; 郊外; 意外; 海外; 外交
八,N5,2,1,92,八,12,ハチ; ハツ,や; や.つ; やっ.つ; よう,な; は; はっ; やち; やつ,eight; eight radical (no. 12),八; 八つ; 八日; 八百屋
六,N5,4,1,93,八,12,ロク; リク,む; む.つ; むっ.つ; むい,く; むつ; ろっ; ろつ,six,六; 六日; 六つ
下,N5,3,1,97,一,1,カ; ゲ,した; しも; もと; さ.げる; さ.がる; くだ.る; くだ.り; くだ.す; -くだ.す; くだ.さる; お.ろす; お.りる,さか; しと,below; down; descend; give; low; inferior,下; 靴下; 下手; 廊下; 地下鉄; 以下; 下宿; 下る
来,N5,7,2,102,木,75,ライ; タイ,く.る; きた.る; きた.す; き.たす; き.たる; き; こ,くり; くる; ごろ; さ,come; due; next; cause; become,来る; 来月; 来週; 来年; さ来年; 将来; さ来月; さ来週
気,N5,6,1,113,气,84,キ; ケ,いき; き,,spirit; mind; air; atmosphere; mood,元気; 天気; 電気; 病気; 気; 気分; 空気; 気持ち
小,N5,3,1,114,小,42,ショウ,ちい.さい; こ-; お-; さ-,いさら; こう; さざ; しゃお; ちいさ,little; small,小さい; 小さな; 小鳥; 小説; 小学校; 小; 小包; 小麦
七,N5,2,1,115,一,1,シチ,なな; なな.つ; なの,し; しっ; な; ひち,seven,七; 七つ; 七日
山,N5,3,1,131,山,46,サン; セン,やま,さ; やの; やん,mountain,山; 登山; 火山; 山林; 鉱山; 山岳; 山腹; 山脈
話,N5,13,2,134,言,149,ワ,はな.す; はなし,,tale; talk,話; 電話; 話す; 会話; 世話; 話題; 話し合う; 神話
女,N5,3,1,151,女,38,ジョ; ニョ; ニョウ,おんな; め,おな; た; つき; な,woman; female,女; 女の子; 彼女; 女性; 少女; 女王; 女子; 女優
北,N5,5,2,153,匕,21,ホク,きた,きら; ほう; ほっ; ほつ,north,北; 南北; 北極
午,N5,4,2,154,十,24,ゴ,うま,,noon; sign of the horse; 11AM-1PM; seventh sign of Chinese zodiac,午後; 午前; 正午
百,N5,6,1,163,白,106,ヒャク; ビャク,もも,お; ど; どう; なり; ひゃっ; ひゅく; も; もんど; ゆう,hundred,百; 八百屋
書,N5,10,2,169,曰,73,ショ,か.く; -が.き; -がき,かき,write,書く; 辞書; 葉書; 図書館; 書斎; 書物; 書類; 読書
先,N5,6,1,173,儿,10,セン,さき; ま.ず,ぽん,before; ahead; previous; future; precedence,先; 先月; 先週; 先生; 先輩; 先日; 先程; 先祖
名,N5,6,1,177,口,30,メイ; ミョウ,な; -な,と,name; noted; distinguished; reputation,名前; 有名; 名; 署名; 名人; 宛名; 仮名; 氏名
川,N5,3,1,181,巛,47,セン,かわ,か; こ; さわ,stream; river; river or three-stroke river radical (no. 47),川; 河川
千,N5,3,1,195,十,24,セン,ち,かず; ゆき,thousand,千
水,N5,4,1,223,水,85,スイ,みず; みず-,うず; ずみ; つ; ど; み; みさ; みつ; みな; みん,water,水; 水曜日; 水泳; 水道; 水準; 下水; 香水; 水産
半,N5,5,2,224,十,24,ハン,なか.ば,は,half; middle; odd number; semi-; part-,半; 半分; 大半; 半ば; 半径; 半島; 過半数; 半端
男,N5,7,1,240,田,102,ダン; ナン,おとこ; お,み,male,男; 男の子; 男性; 男子; 男の人; 長男
西,N5,6,2,259,襾,146,セイ; サイ; ス,にし,いり; ひし; むら,west; Spain,西; 西洋; 関西; 西暦; 東西; 西日
電,N5,13,2,268,雨,173,デン,,,electricity,電気; 電車; 電話; 電灯; 電報; 電子; 停電; 電球
校,N5,10,1,294,木,75,コウ; キョウ,,めん,exam; school; printing; proof; correction,学校; 高校; 校長; 高校生; 小学校; 中学校; 高等学校; 校舎
語,N5,14,2,301,言,149,ゴ,かた.る; かた.らう,,word; speech; language,英語; 語; 語る; 言語; 語学; 国語; 単語; 物語
土,N5,3,1,307,土,32,ド; ト,つち,つく; は; ひじ,soil; earth; ground; Turkey,土曜日; お土産; 土; 土地; 土曜; 土産; 国土; 土台
木,N5,4,1,317,木,75,ボク; モク,き; こ-,ぐ; も; もと,tree; wood,木; 木曜日; 木綿; 木曜; 植木; 材木; 大木; 並木
聞,N5,14,2,319,耳,128,ブン; モン,き.く; き.こえる,,hear; ask; listen,聞く; 新聞; 新聞社; 聞こえる; 聞き取り
食,N5,9,2,328,食,184,ショク; ジキ,く.う; く.らう; た.べる; は.む,ぐい,eat; food,食堂; 食べ物; 食べる; 食事; 食料品; 食う; 食卓; 食品
車,N5,7,1,333,車,159,シャ,くるま,くら; くろま,car,車; 電車; 自転車; 自動車; 汽車; 駐車場; 駐車; 発車
何,N5,7,2,340,人,9,カ,なに; なん; なに-; なん-,あが,what,何; 何か; 何で; 何でも; 何とか; 何々; 何分; 何卒
南,N5,9,2,341,十,24,ナン; ナ,みなみ,なみ; は; みな; みまみ,south,南; 南極; 南米; 南北
万,N5,3,2,375,一,1,マン; バン,よろず,かず; ま; ゆる,"ten thousand; 10,000",万; 万年筆; 万一; 万歳; 万人; 万能
毎,N5,6,2,436,毋,80,マイ,ごと; -ごと.に,つね,every,毎朝; 毎月; 毎週; 毎日; 毎年; 毎晩; 毎度; 毎
白,N5,5,1,483,白,106,ハク; ビャク,しろ; しら-; しろ.い,あき; か; はっ,white,白; 白い; 白髪; 青白い; 真っ白; 明白; 告白; 白状
天,N5,4,1,512,大,37,テン,あまつ; あめ; あま-,あき; あも; た; たかし; て; なま,heavens; sky; imperial,天気; 天気予報; 天候; 天然; 天皇; 天つ; 天地; 雨天
母,N5,5,2,570,毋,80,ボ,はは; も,,mother,お母さん; 伯母さん; 祖母; 母親; 父母; 叔母さん; 分母; 母校
火,N5,4,1,574,火,86,カ,ひ; -び; ほ-,,fire,火曜日; 火; 火事; 火災; 火曜; 火口; 火山; 花火
右,N5,5,1,602,口,30,ウ; ユウ,みぎ,あき; すけ,right,右; 左右
読,N5,14,2,618,言,149,ドク; トク; トウ,よ.む; -よ.み,よみ,read,読む; 読書; 読み; 句読点; 講読; 購読; 読者; 朗読
友,N5,4,2,622,又,29,ユウ,とも,う; ど; ゆ,friend,友達; 友; 親友; 友情; 友人; 友好
左,N5,5,1,630,工,48,サ; シャ,ひだり,そ,left,左; 左右; 左程; 左利き
休,N5,6,1,642,人,9,キュウ,やす.む; やす.まる; やす.める,,rest; day off; retire; sleep,休み; 休む; 夏休み; 昼休み; 休暇; 休憩; 休業; 休講
父,N5,4,2,646,父,88,フ,ちち,,father,お父さん; お祖父さん; 祖父; 父親; 父母; 叔父さん; 小父さん; 伯父さん
雨,N5,8,1,950,雨,173,ウ,あめ; あま-; -さめ,,rain,雨; 梅雨; 雨戸; 雨具; 雨天
