id,word,reading,romaji,meanings,level,pos,jmdict_id,other_forms,example_ja,example_en
4fff6d0441,あ,あ,a,Ah,N4,int,2394370,,あ！まずい！ガソリンが切れてきた。,"Oh, no! We're running out of gas."
6a4011f27f,ああ,ああ,aa,like that,N4,adv,2085080,,ある人はこうだと言い、またある人はああだと言う。,"One man says this, another that."
83922c4a92,あいさつする,あいさつ,aisatsu,to greet,N4,n; vs; vi,1151120,挨拶,私にあいさつするような人はいない。,There is no one to greet me.
d1a343e501,間,あいだ,aida,a space,N4,n,1215230,,二人の間がしっくり行かない。,They don't get along together.
54e1f7a772,合う,あう,au,to match,N4,v5u; vi,1284430,,このチョッキは前が合わない。,This waistcoat won't meet at the front.
2a6a55be8d,あかちゃん,あかちゃん,akachan,infant,N4,n,1383260,赤ちゃん,その赤ちゃんは歯が生えはじめている。,The baby is cutting his teeth.
6abad0565b,上る,あがる,agaru,to rise,N4,v5r; vi,1352290,上がる,明日それをいただきに上がります。,I will call for it tomorrow.
e877021bf4,赤ん坊,あかんぼう,akanbou,baby,N4,n,1383310,あかんぼう,うちの赤ん坊は口をきくようになってきました。,Our baby is learning to speak.
91f0d5ac9e,空く,あく,aku,to open; to become empty,N4,v5k; vi,1586270,,ぐいと押すとドアは開いた。,The door yielded to a strong push.
628b6b8e9d,アクセサリー,アクセサリー,akusesarii,accessory,N4,n,1015220,,この服にはどんなアクセサリーを付けるの？,What sort of jewelry are you going to wear with this dress?
f935952fed,浅い,あさい,asai,shallow; superficial,N4,adj-i,1390800,,この川はあそこで浅くなっている。,This river becomes shallow at that point.
590fa58ca9,味,あじ,aji,flavour,N4,n,1526960,,このチーズはピリッとした味がする。,This cheese has a sharp taste.
97bdb63259,アジア,アジア,ajia,Asia,N4,n,1015840,,アジアにはたくさんの民族がいる。,There are many people in Asia.
4c3461199c,明日,あす,asu,tomorrow,N4,n; adv,1584660,,あしたは一日中ひまです。,I'll be free all day tomorrow.
7fe5e36942,遊び,あそび,asobi,play,N4,n,1542070,,今度の旅行は仕事じゃなくて遊びです。,"Our next trip is for pleasure, not for work."
9c8f528572,集る,あつまる,atsumaru,to gather,N4,v5r; vi,1333550,集まる,私達は先生の前に集まった。,We gathered around the teacher.
b00801af22,集める,あつめる,atsumeru,to collect something,N4,v1; vt,1333560,,毎週月曜日にゴミを集めにきます。,They collect our garbage every Monday.
c1fb180c70,アナウンサー,アナウンサー,anaunsaa,announcer,N4,n,1017330,,アナウンサーは早口が出来る。,The announcer can talk rapidly.
0fa879c73d,アフリカ,アフリカ,afurika,Africa,N4,n,1929050,,私はいつの日かアフリカに行きたい。,I want to go to Africa someday.
b921645383,アメリカ,アメリカ,amerika,America,N4,n,1149830,,アメリカでは英語を話します。,They speak English in America.
1056f23586,謝る,あやまる,ayamaru,to apologize,N4,v5r; vt; vi,1323010,,私は彼女に謝らなければならない。,I must make an apology to her.
ab0767b2f7,アルコール,アルコール,arukooru,alcohol,N4,n,1019280,,このビールはアルコール分が５％だ。,This beer contains 5% alcohol.
88d4196563,アルバイト,アルバイト,arubaito,part-time job,N4,n; vs; vi,1019420,,,
d06643e4e1,安心,あんしん,anshin,relief,N4,n; adj-na; vs; vi,1153890,,あいつに仕事を任せておけば安心だ。,You can trust him with any job.
160a8399af,安全,あんぜん,anzen,safety,N4,n; adj-na,1153930,,日本はとても安全な国だと思います。,I think that Japan is a very safe country.
367da027cb,あんな,あんな,anna,such,N4,adj-pn,1000590,,あんな男見ても胸くそが悪い。,I can't bear the sight of him.
52a79a5d69,案内,あんない,annai,to guide,N4,n; vs; vt,1154860,,私をあちこちに案内してください。,Please show me around.
629362dbfc,以下,いか,ika,less than,N4,n-suf,1155060,,それは千円以下では買えません。,"You can't buy it under 1,000 yen."
da4198f39c,以外,いがい,igai,with the exception of,N4,n-suf,1155090,,その仕事以外ならなんでもやる。,I'll do anything but that job.
20044dd689,医学,いがく,igaku,medical science,N4,n,1159810,,二人の医者が医学の話をしていた。,Two doctors were talking shop.
db01fd59d7,生きる,いきる,ikiru,to live,N4,v1; vi,1378520,,生きるものはすべていつかは死ぬ。,All living things die some day.
ba5a03baf1,意見,いけん,iken,opinion,N4,n,1156530,,ここではどんどん意見をおっしゃってかまいません。,You can speak out freely here.
372ce69caf,石,いし,ishi,stone,N4,n,1382440,,私にはこの石は持ち上がらない。,I cannot lift this stone.
770aa71095,いじめる,いじめる,ijimeru,to tease,N4,v1; vt,1195140,苛める,彼はよく友人をいじめたものだ。,He used to bully his friends.
13ab63d79a,以上,いじょう,ijou,more than; this is all,N4,n-suf,1155120,,以上ですか？,Is that all?
05b5de61ab,急ぐ,いそぐ,isogu,to hurry,N4,v5g; vi; vt,1228650,,ニックはバスに間に合うように急いだ。,Nick hurried to catch the bus.
6dbf756da1,致す,いたす,itasu,(humble) to do,N4,v5s; vt,1421900,,お取り寄せいたしましょうか。,Would you like me to order it?
47cc7185d5,いただく,いただく,itadaku,(humble) to receive,N4,v5k; vt,1587290,頂く,明日それをいただきに上がります。,I will call for it tomorrow.
bf82bb12d2,一度,いちど,ichido,once,N4,n; adv,1576250,,赤道における経度1度当たりの長さ。,Distance per degree of longitude at equator.
cf69ef2274,一生懸命,いっしょうけんめい,isshoukenmei,with utmost effort,N4,adv; adj-na; n,1164010,,もっと一生懸命勉強すべきだったのに。,You should have worked harder.
95f7288e1b,いっぱい,いっぱい,ippai,full,N4,adj-na; adj-no; n-suf,1165670,,このボトルに水をいっぱい入れてください。,Please fill this bottle with water.
3de1fe452d,糸,いと,ito,thread,N4,n; n-suf,1311450,,長い糸はからまりやすい。,A long thread is easily entangled.
556e3e0d99,以内,いない,inai,within,N4,n; n-suf; adv,1155180,,１週間以内に電話します。,I'll call you within a week.
11d4a3118b,田舎,いなか,inaka,countryside,N4,n,1442750,,私はいつも夏はいなかへ行きます。,I go to the country every summer.
877a39a99f,祈る,いのる,inoru,to pray,N4,v5r; vt,1222770,,早くよくなられるように祈っています。,I hope you'll get well soon.
bc25dff617,いらっしゃる,いらっしゃる,irassharu,(respectful) to be; to come or to go,N4,v5aru; vi,1000940,,来週はうちへいらしゃいませんか。,Won't you come and see me next week?
833af5347e,植える,うえる,ueru,to plant; to grow,N4,v1; vt,1357250,,私は庭にバラを植えた。,I planted roses in the garden.
bf69a1d9f2,うかがう,うかがう,ukagau,to visit,N4,v5u; vt,1305700,伺う,体重をおうかがいしてもよろしいですか。,May I ask you what your weight is?
4bdd43130b,受付,うけつけ,uketsuke,receipt,N4,n; vs; vt; vi,1588060,,これを受付にお出しください。,Please hand this in at the front desk.
20989c0cb5,受ける,うける,ukeru,to take a lesson or test,N4,v1; vt,1329590,,喜んでお申し出をお受けします。,We gladly accept your offer.
e54d4fef93,動く,うごく,ugoku,to move,N4,v5k; vi,1451210,,まだ動くうちに売ってしまわなきゃ。,I should sell it while it still runs.
da1a2f9721,うそ,うそ,uso,a lie,N4,n; adj-no,1172400,嘘,うそを言ってはいけないよ。,Never tell lies.
76d4bcd098,うち,うち,uchi,within,N4,n; adv,1457730,内,教会は私の家とあなたの家の中にあります。,The church is between my house and yours.
e6f3a7d91a,打つ,うつ,utsu,to hit,N4,v5t; vt,1408810,,８時をちょうど打ちましたね。,"It has just struck eight, hasn't it?"
0dd54894db,美しい,うつくしい,utsukushii,beautiful,N4,adj-i,1486360,,私たちは美しい入り日に見とれた。,We admired the beautiful sunset.
69589e0288,写す,うつす,utsusu,to copy or photograph,N4,v5s; vt,1588320,,その写真は空から写されたものである。,The picture was taken from the air.
c7362b5e02,移る,うつる,utsuru,to move house or transfer,N4,v5r; vi,1158210,,もっとお金があれば大きな家に移れるのにな。,"If I had more money, I could move to a bigger house."
78d94c404b,腕,うで,ude,arm,N4,n,1562850,,けがをした腕を見せて下さい。,Please show me your injured arm.
6d3b3fe0a4,うまい,うまい,umai,delicious,N4,adj-i,1310460,甘い,それはあまりにもうますぎる話だ。,That's too good a story to be true.
1b5a6286d6,裏,うら,ura,reverse side,N4,n,1550190,,家のうらに広い庭があった。,There was a large garden behind the house.
11222e25b5,売り場,うりば,uriba,place where things are sold,N4,n,1588550,,スナック売り場は、どこですか。,Where can I buy snacks?
c67a9658b1,うれしい,うれしい,ureshii,glad,N4,adj-i,1219510,嬉しい,あなたに再会できてうれしい。,I am pleased to see you again.
533b248802,うん,うん,un,(informal) yes,N4,int,1001090,,うん、休みが終わるまででいいの。,"Oh, just over the holidays."
44f33984fb,運転,うんてん,unten,to drive,N4,n; vs; vt; vi,1172830,,キャロルはレンタカーを運転しています。,Carol is driving a rent-a-car.
9f6e25d5e2,運転手,うんてんしゅ,untenshu,driver,N4,n,1172870,,運転中は運転手に話しかけぬこと。,Passengers shall not converse with the driver while the bus is in motion.
47487b1e85,運動,うんどう,undou,to exercise,N4,n; vs; vi,1172910,,週に一度でいいから運動しなさい。,Try to exercise at least once a week.
3139c14254,エスカレーター,エスカレーター,esukareetaa,escalator,N4,n,1028580,,上りのエスカレーターはどこですか？,Where's the up-escalator?
bb01cb559f,枝,えだ,eda,branch; twig,N4,n,1310530,,たくさんの鳥が枝にとまっている。,Many birds are on the branch.
60c9784974,選ぶ,えらぶ,erabu,to choose,N4,v5b; vt,1588730,,どうやって新鮮な魚をえらぶのですか。,How can I pick out fresh fish?
5ceed9165d,遠慮,えんりょ,enryo,to be reserved; to be restrained,N4,n; vs; vt; vi,1178450,,ここでのおタバコはご遠慮願います。,Please refrain from smoking here.
53c76e5c6e,おいでになる,おいでになる,oideninaru,(respectful) to be,N4,exp; v5r,1001180,お出でになる,いつ旅行においでになりますか。,When will you go on a journey?
12e7bd036b,お祝い,おいわい,oiwai,congratulation,N4,n,1612770,,心からお祝いを申し上げます。,I offer you my hearty congratulations.
5c63f36f44,オートバイ,オートバイ,ootobai,motorcycle,N4,n,1032030,,オートバイに乗るのは楽しい。,It's fun to ride a motorcycle.
e5e5899ce2,おかげ,おかげ,okage,owing to,N4,n,1001640,お蔭,私が今日あるのは両親のおかげである。,I owe what I am to my parents.
4d2128cddd,おかしい,おかしい,okashii,strange or funny,N4,adj-i,1190860,可笑しい,君のジョークは何度聞いてもおかしい。,Your joke is funny no matter how many times I hear it.
4cfa8f43e2,億,おく,oku,one hundred million,N4,num,1182620,,１０億人の人たちが英語を話しています。,One billion people speak English.
1065d7145c,屋上,おくじょう,okujou,rooftop,N4,n,1182710,,デパートの屋上にアドバルーンが上がっている。,There is an advertising balloon flying above the department store.
ba001e2f36,贈り物,おくりもの,okurimono,gift,N4,n,1589030,,ジェニーは贈り物をありがとうと言った。,Jenny thanked me for the gift.
af1dae5588,送る,おくる,okuru,to send,N4,v5r; vt,1402730,,この手紙を日本に送ってくれませんか。,Could you send this letter to Japan?
ae8ce3986c,遅れる,おくれる,okureru,to be late,N4,v1; vi,1589040,,アンディはけっしてデートにおくれたことはない。,Andy is never late for a date.
99de4451f7,起す,おこす,okosu,to wake,N4,v5s; vt,1223660,起こす,わたしたちはその木を起こした。,We got the tree up.
2139fab218,行う,おこなう,okonau,to do,N4,v5u; vt,1589060,,言うことと行うことは別のことだ。,Saying is one thing and doing another.
2e0f32c097,怒る,おこる,okoru,to get angry; to be angry,N4,v5r; vi,1445690,,それをそのままにしておきなさい。そうしないと怒られますよ。,"Leave it as it is, or you will be scolded."
3787755f33,押し入れ,おしいれ,oshiire,closet,N4,n,1589110,,強盗はその子供を押し入れに閉じ込めた。,The burglar shut the child in the closet.
1f5a7d8e07,お嬢さん,おじょうさん,ojousan,young lady,N4,n,1002170,,お嬢さんは試験に合格なさったそうですね。,"Your daughter passed the examination, I hear."
6693b4e9f7,お宅,おたく,otaku,(polite) your house,N4,n,1002400,,私の車でお宅まで送らせましょう。,I'll send you home in my car.
0dab021a23,落る,おちる,ochiru,to fall or drop,N4,v1; vi,1548550,落ちる,勉強しないと試験に落ちるよ。,"If you don't study, you will fail the exam."
050024e2d9,おっしゃる,おっしゃる,ossharu,(respectful) to say,N4,v5aru; vt,1238840,仰っしゃる,ここではどんどん意見をおっしゃってかまいません。,You can speak out freely here.
b8630e0875,夫,おっと,otto,husband,N4,n,1496480,,妻は夫より長生きするものだ。,Wives usually outlive husbands.
f2c38f9517,おつり,おつり,otsuri,change from purchase; balance,N4,n,1270550,,１ドルでおつりがありますか。,Have you got change for a dollar?
c6815e7618,音,おと,oto,sound; note,N4,n,1576900,,ここから海の音が聞こえる。,We can hear the ocean from here.
f786333cf9,落す,おとす,otosu,to drop,N4,v5s; vt,1589260,落とす,日本語のソフトを落とすコツ・いいサイトありませんか？,"Are there any knacks, or good sites, for downloading Japanese software?"
8c636a46f4,踊り,おどり,odori,a dance,N4,n,1546880,,私のガールフレンドは踊りがうまい。,My girlfriend is a good dancer.
3280103eb8,踊る,おどる,odoru,to dance,N4,v5r; vi,1538440,,なぜ彼と踊らなかったの？,Why didn't you dance with him?
6d69734463,驚く,おどろく,odoroku,to be surprised,N4,v5k; vi,1238680,,このホテルであなたに会うとはおどろいた。,I am surprised to see you here in this hotel.
68ff489ea4,お祭り,おまつり,omatsuri,festival,N4,n,1604135,,お祭りでロブスターを食べました。,I ate lobster at the festival.
eb615955c8,お見舞い,おみまい,omimai,calling on someone who is ill; enquiry,N4,n,1001870,,彼女のお見舞いに行こうよ。,Why don't we go and see her in the hospital?
f586632207,お土産,おみやげ,omiyage,souvenir,N4,n,1002500,,これは北海道からのお土産です。,This is a souvenir from Hokkaido.
3e4c1468c7,思い出す,おもいだす,omoidasu,to remember,N4,v5s; vt,1309260,,あなたを見るとお兄さんを思い出します。,You remind me of your brother.
bad913ed8f,思う,おもう,omou,to think; to feel,N4,v5u; vt,1589350,,晴れだと思うよ。,I think it will be sunny.
1579d0db1b,おもちゃ,おもちゃ,omocha,toy,N4,n,1217070,玩具,あのおもちゃは木で作られている。,That toy is made of wood.
721424863e,表,おもて,omote,the front,N4,n,1489340,,この紙はどちらが表だか見分けがつかない。,I cannot tell which is the right side of this paper.
9099d4615b,親,おや,oya,parents,N4,n,1365040,おや,おや、今朝は早いですね。,"Oh, you are early this morning."
d9cf4f541d,泳ぎ方,およぎかた,oyogikata,way of swimming,N4,n,2005990,,君に泳ぎ方を教えよう。,I'll tell you how to swim.
4806278f5b,下りる,おりる,oriru,to get off,N4,v1; vi,1589500,,ここで降りましょう。,Let's get off here.
ac3d1de39a,折る,おる,oru,to break or to fold,N4,v5r; vt,1385910,,その紙を四つ折りにしなさい。,Fold the paper in four.
12db3e5f4e,お礼,おれい,orei,expression of gratitude,N4,n,1270810,,いくらお礼を言っても言い切れない。,I can't thank you enough.
d517e5d931,折れる,おれる,oreru,to break or be folded,N4,v1; vi,1385920,,ついにバス会社が折れた。,"At last, the bus company gave in."
19cb869e4d,終わり,おわり,owari,the end,N4,n,1589590,終,さぁ、一日を終わりとしましょう。,Let's call it a day.
cbbc4c3524,カーテン,カーテン,kaaten,curtain,N4,n,1036290,,カーテンが風になびいた。,The curtains blew in the wind.
6f4ad2115e,海岸,かいがん,kaigan,coast,N4,n,1201280,,このバスは、海岸に行きますか。,Does this bus go to the beach?
83af91b7eb,会議,かいぎ,kaigi,meeting,N4,n; vs; vi; vt,1198360,,会議は終わりに近づきつつあった。,The conference was drawing to an end.
93ff1a80c2,会議室,かいぎしつ,kaigishitsu,meeting room,N4,n,1198380,,会議室は現在使用中です。,The meeting room is in use now.
7508a7d366,会場,かいじょう,kaijou,assembly hall or meeting place,N4,n,1198660,,私たちは会場の後ろに座った。,We sat at the back of the hall.
81b9c23c14,会話,かいわ,kaiwa,conversation,N4,n; vs; vi,1198880,,その作家は会話を書くのがうまい。,The writer is very good at a dialog.
6365c5ac47,帰り,かえり,kaeri,return,N4,n,1221250,,どうして帰りがこんなに遅くなったの。,Why did you come home so late?
64e3e16740,変える,かえる,kaeru,to change,N4,v1; vt,1510650,,なんで彼は考えを変えたのか。,What made him change his mind?
ea150f3d48,科学,かがく,kagaku,science,N4,n,1192700,,私は、ずっと科学を習っている。,I have been learning a science.
2c7db27d62,鏡,かがみ,kagami,mirror,N4,n,1238550,,少女は立って鏡をのぞきこんだ。,The girl stood looking into the mirror.
2d6f99582c,飾る,かざる,kazaru,to decorate,N4,v5r; vt,1357210,,その広間は日本画で飾られていた。,The hall was decorated with Japanese paintings.
b64af0c4f7,火事,かじ,kaji,fire,N4,n,1193950,,火事の際は１１９番に電話してください。,"In the case of fire, dial 119."
376ccb94c4,ガス,ガス,gasu,petrol,N4,n,1040060,,もうガスは消した？,Have you turned off the gas yet?
b3c360789e,ガソリン,ガソリン,gasorin,petrol,N4,n,1040250,,ガソリンはリットル単位で売られる。,Gasoline is sold by the liter.
57c68573b7,ガソリンスタンド,ガソリンスタンド,gasorinsutando,petrol station,N4,n,1040260,,この辺にガソリンスタンドはありますか。,Is there a gas station around here?
d0e700807a,堅い,かたい,katai,hard,N4,adj-i,1257110,硬い; 固い,固いこと言うなよ。,You don't have to be so formal.
26f2ddd0a2,形,かたち,katachi,shape,N4,n,1250220,,物質は温度によって形を変える。,Matter changes its form according to temperature.
119fdf575e,片付ける,かたづける,katazukeru,to tidy up,N4,v1; vt,1511790,,おもちゃを片づけなさい。,Put away your toys.
26a19196b7,課長,かちょう,kachou,section manager,N4,n,1195840,,私は課長に任命された。,I was appointed to section chief.
021c00423f,勝つ,かつ,katsu,to win,N4,v5t; vi,1346150,,この病気に勝てる人は少ない。,Not many survive this disease.
876713fb67,かっこう,かっこう,kakkou,appearance,N4,n,1590480,格好,とても見られたかっこうじゃないよ。,You're not fit to be seen.
89927b8fa1,家内,かない,kanai,housewife,N4,n,1192420,,家内は海外旅行中で、よく電話をかけてくる。,"My wife often rings me up, while she travels abroad."
3153705f1f,悲しい,かなしい,kanashii,sad,N4,adj-i,1483190,,そんな悲しい目で見ないで。,Don't give me such a sad look.
5a76ee84b9,必ず,かならず,kanarazu,certainly; necessarily,N4,adv,1487400,,あの歌は必ずヒットするよ。,That song's bound to be a hit.
ebe3a41086,お金持ち,かねもち,kanemochi,rich man,N4,n,2429350,,どうしたらお金持ちになれるのかしら？,How can I become rich?
be3dacfc93,彼女,かのじょ,kanojo,she; girlfriend,N4,pn,1483150,,問題は彼女が来るかどうかである。,The point is whether she will come or not.
0752484ec5,壁,かべ,kabe,wall,N4,n,1509290,,かべにかかっている絵をごらんなさい。,Look at the picture on the wall.
e7dca3ae5a,かまう,かまう,kamau,to mind,N4,v5u; vi,1279680,構う,どうか私にかまわないでください。,Please don't mind me.
ec0fe6786a,髪,かみ,kami,hair,N4,n,1477950,,その洋服は彼女の赤い髪に合う。,That dress matches her red hair.
6b240c6105,噛む,かむ,kamu,to bite; to chew,N4,v5m; vt,1209240,,食べ物はよくかむほうがよい。,You might as well chew your food well.
d1cd028481,通う,かよう,kayou,to commute,N4,v5u; vi,1432850,,マイクはバスで学校に通っている。,Mike goes to school by bus.
4c9297421b,ガラス,ガラス,garasu,a glass pane,N4,n,1040380,,テーブルの上にガラスのコップがある。,There is a glass on the table.
0963c50b58,彼,かれ,kare,he; boyfriend,N4,pn,1483070,,私の前の彼はポルトガル育ちでした。,My ex-boyfriend was brought up in Portugal.
6345553664,彼ら,かれら,karera,they,N4,pn,1483090,彼等,かれらは土地をたがやした。,They cultivated the land.
84c24fbab6,乾く,かわく,kawaku,to get dry,N4,v5k; vi,1209650,,そのぬれたシャツはすぐに乾くだろう。,The wet shirt will soon dry up.
34071d7901,代わり,かわり,kawari,substitute; alternate,N4,n; adj-no,1590770,,自分で行く代わりに手紙を送りました。,"Instead of going myself, I sent a letter."
ec1bdccf03,変わる,かわる,kawaru,to change,N4,v5r; vi,1510790,,私のE-mailアドレスが変わりました。,My e-mail address has been changed.
cc34f28850,考える,かんがえる,kangaeru,to consider,N4,v1; vt,1281020,,あなたは家族の事を考えるべきです。,You must think of your family.
f960d43119,関係,かんけい,kankei,relationship,N4,n; vs; vi,1215810,,これとあれはどういう関係があるの。,How is this connected to that?
374a0aa749,看護婦,かんごふ,kangofu,female nurse,N4,n,1213870,,なぜ看護婦になりたいのですか。,Why do you want to be a nurse?
ac20bba998,簡単,かんたん,kantan,simple,N4,adj-na; n,1214330,,テニスをすることは私には簡単だ。,Playing tennis is easy for me.
ab366b6c9d,気,き,ki,spirit; mood,N4,n,1221520,,彼は親切というよりむしろ気がやさしい。,He is more gentle than kind.
3f4f3a3b9d,機会,きかい,kikai,opportunity,N4,n,1220800,,またの機会にしましょう。,Let's make it some other time.
8bbbe3a9e8,危険,きけん,kiken,danger,N4,n; adj-na,1218560,,危険は見くびるとすぐやってくる。,Danger comes soonest when it is despised.
7225b79db5,聞こえる,きこえる,kikoeru,to be heard,N4,v1; vi,1591150,,車が家の前に止まる音が聞こえた。,I heard a car stop in front of the house.
a0c815188f,汽車,きしゃ,kisha,steam train,N4,n,1222700,,汽車はまだ着きません。,The train has not arrived yet.
bbf69b64f8,技術,ぎじゅつ,gijutsu,art; technology; skill,N4,n,1225130,,近代技術は多くの物を与えてくれる。,Modern technology gives us many things.
a1afb31e7b,季節,きせつ,kisetsu,season,N4,n; adj-no,1222840,,１年には季節がいくつありますか。,How many seasons are there in a year?
fcca18b129,規則,きそく,kisoku,regulations,N4,n,1223021,,この規則はあなたにも当てはまる。,"This rule applies to you, too."
b284605582,きっと,きっと,kitto,surely,N4,adv,1003430,屹度,でもよー、オラのおとうさんは良い気しねーよ、きっと。,But I don't think Dad would like me to.
4d5b12c74c,絹,きぬ,kinu,silk,N4,n,1258710,,この美しいドレスは絹で出来ている。,This beautiful dress is made of silk.
d90ee2957c,厳しい,きびしい,kibishii,strict,N4,adj-i,1262530,,今度の仕事の方が前の仕事より厳しい。,My new job is harder than my old one.
42f05076b3,気分,きぶん,kibun,mood,N4,n,1222590,,とても気分がリフレッシュされる。,I feel like a brand new person.
2fe3ce8b73,決る,きまる,kimaru,to be decided,N4,v5r; vi,1591420,決まる,いつ始めるのかはまだ決まっていない。,It is still undecided when we will begin.
ed36e1d3a7,君,きみ,kimi,(informal) You (used by men towards women),N4,pn,1247250,,私は８時にきみの家にいるだろう。,I will be at your house at eight.
6a98f898ab,決める,きめる,kimeru,to decide,N4,v1; vt,1254180,,そこに行くことに決めた。,I made up my mind to go there.
af80712b7b,気持ち,きもち,kimochi,feeling; mood,N4,n,1591430,,気持ちのいい朝ではありませんか。,Isn't it a lovely morning?
a2a012c05f,着物,きもの,kimono,kimono,N4,n,1423240,,彼女はその着物を着ると変に見える。,She looks odd in those clothes.
cb029e617e,客,きゃく,kyaku,guest; customer,N4,n,1226630,,春先だから客もあまりいませんでした。,"It was early spring, so there weren't many customers."
a02c2a6790,急,きゅう,kyuu,urgent; steep,N4,adj-na,1228560,,この川の流れは急だ。,The current of this river is rapid.
b6027b4099,急行,きゅうこう,kyuukou,speedy; express,N4,n,1228690,,急行の料金は幾らですか。,How much is the express?
319186af72,教育,きょういく,kyouiku,education,N4,n; vs; vt,1236950,,私が今日あるのは、教育のおかげです。,I owe what I am today to education.
7a7b79370f,教会,きょうかい,kyoukai,church,N4,n,1237030,,その教会は１１７３年までさかのぼる。,The church dates back to 1173.
a9dcbea815,競争,きょうそう,kyousou,competition,N4,n; vs; vt; vi,1234140,,十中八九、彼が競争に勝つでしょう。,"In nine cases out of ten, he will win the race."
23ea485338,興味,きょうみ,kyoumi,an interest,N4,n,1238410,,あなたは花に興味がありますか。,Are you interested in flowers?
a6d55823a0,近所,きんじょ,kinjo,neighbourhood,N4,n; adj-no,1242350,,彼が近所に越してきた。,He moved into my neighborhood.
f36e445797,具合,ぐあい,guai,condition; health,N4,n,1592500,,お天気はどういうぐあいですか。,How is the weather?
a70d257a61,空気,くうき,kuuki,air; atmosphere,N4,n,1245470,,山の中では空気がとてもきれいだ。,The air is very pure in the mountains.
0f74a8f3a4,空港,くうこう,kuukou,airport,N4,n,1245570,,どの空港から出発しますか。,Which airport do I leave from?
b5b90cb965,草,くさ,kusa,grass,N4,n,1401910,,月には草が生えて無い。,There is no grass on the moon.
b8da4537a2,くださる,くださる,kudasaru,(respectful) to give,N4,v5aru; vt,1184280,下さる,もう一度言ってくださいますか。,"Could you repeat that, please?"
78c6412e35,首,くび,kubi,neck,N4,n,1592270,,あなたの首は風前のともし火だ。,Your job hangs by a thread.
7db3da6e1b,雲,くも,kumo,cloud,N4,n,1173100,,雲がだんだん黒くなっています。,The clouds are getting darker.
5bfe1d2c25,比べる,くらべる,kuraberu,to compare,N4,v1; vt,1483540,,去年の夏にくらべれば今年の雨はそれほど多くはない。,"As compared with last summer, we haven't had so much rain this year."
7d2f81c2a3,くれる,くれる,kureru,to give,N4,v1-s; vt,1269130,呉れる,友達がはがきをくれるように私に頼んだ。,A friend of mine asked me to send her a postcard.
17279b1beb,暮れる,くれる,kureru,to get dark; to come to an end,N4,v1; vi,1514960,,冬の日は速く暮れる。,The night falls fast in winter.
e9bab5c151,毛,け,ke,hair or fur,N4,n,1533820,,犬の毛はいわばセーターだ。,"The dog's hair is, as it were, a sweater."
836311c7d4,計画,けいかく,keikaku,to plan,N4,n; vs; vt,1252090,,その計画では彼に同調できました。,We went with him on that plan.
9746b57413,経験,けいけん,keiken,to experience,N4,n; vs; vt,1251270,,この仕事では経験がものを言う。,Experience counts in this job.
5079fc5daf,経済,けいざい,keizai,finance; economy,N4,n,1251320,,アメリカはサービス経済の国だ。,The U.S. is a service economy.
25550955b0,警察,けいさつ,keisatsu,police,N4,n,1252390,,その場合には警察を呼びなさい。,"In that case, call the police."
8426193f36,ケーキ,ケーキ,keeki,cake,N4,n,1047860,,ケイトはケーキの作り方を知っています。,Kate knows how to make a cake.
3d6fc0de1f,けがする,けが,kega,to injure,N4,n; vs; vt; vi,1200220,怪我,ラグビーをしているとき、彼はけがをした。,"Playing rugby, he got injured."
a200494cec,景色,けしき,keshiki,scene; landscape,N4,n,1250870,,それは私が見たことのない景色だ。,The landscape is unfamiliar to me.
ba1b3c0d13,消しゴム,けしゴム,keshigomu,eraser,N4,n,1350080,,ちょっと消しゴムをかしてくれませんか。,Can I borrow your eraser for a moment?
c3da539389,下宿,げしゅく,geshuku,lodging,N4,n; vs; vi,1185290,,彼女は学生を下宿させている。,She boards students.
511cbf9eee,決して,けっして,kesshite,never,N4,adv,1254130,,アンディはけっしてデートにおくれたことはない。,Andy is never late for a date.
0435dab637,けれど,けれど,keredo,however,N4,conj; prt,2853889,けれども,ちょっとお話ししたいのですけれど。,I'd like to speak to you for a moment.
43f91bcf9d,原因,げんいん,gen'in,cause; source,N4,n; vs; vi,1261190,,火事の原因はだいたいわかっている。,There is not much doubt about the cause of the fire.
d52f5f19ea,けんかする,けんか,kenka,to quarrel,N4,n; vs; vi,1257040,喧嘩,ケンとけんかしたのか。,Did you have a fight with Ken?
607f3c4430,研究,けんきゅう,kenkyuu,research,N4,n; vs; vt,1258520,,あなたのご研究は、いかがですか。,How are your studies going?
912c269668,研究室,けんきゅうしつ,kenkyuushitsu,study room; laboratory,N4,n,1258570,,私たちはその研究室を利用した。,We have made use of the laboratory.
a9a71878f0,見物,けんぶつ,kenbutsu,sightseeing,N4,n; vs; vt,1260000,,どこを見物すればいいでしょうか。,What should I see?
f17fa2d7e1,子,こ,ko,child,N4,n; n-suf,1307770,,彼はきっすいのロンドン子です。,He's a genuine Londoner.
3cd723d544,こう,こう,kou,this way,N4,adv,1004310,,こうするほかに手はなかったんだ。,What else could I have done?
aa95e437a0,郊外,こうがい,kougai,outskirts,N4,n,1282490,,私は東京の郊外に住んでいる。,I live on the outskirts of Tokyo.
8063587e53,講義,こうぎ,kougi,lecture,N4,n; vs; vt,1282260,,その講義へ来た人はほとんどいなかった。,Few people came to the lecture.
baaaf1524a,工業,こうぎょう,kougyou,the manufacturing industry,N4,n,1278040,,７月の工業生産は急増した。,Industrial production rose sharply in July.
22ba4ea959,高校,こうこう,koukou,high school,N4,n,1283500,,私の息子は、高校に入学した。,My son entered high school.
795156bbfe,高校生,こうこうせい,koukousei,high school student,N4,n,1283510,,日本の高校生は年に３５週間学校に行く。,Japanese high school students go to school 35 weeks a year.
8b7434e649,工場,こうじょう,koujou,factory,N4,n,1578700,,その工場は来月から作業を中止する。,The factory will cease operations next month.
0c49fbf17c,校長,こうちょう,kouchou,headmaster,N4,n,1279590,,校長が先生の後ろから入ってきた。,The principal came in after the teacher.
d64432f194,交通,こうつう,koutsuu,traffic; transportation,N4,n; vs,1272280,,交通に注意しなければいけない。,You must take care driving.
8786f4e971,講堂,こうどう,koudou,auditorium,N4,n,1282340,,その教師は講堂に学生を集めた。,The teacher assembled the students in the hall.
9593b3e04f,高等学校,こうとうがっこう,koutougakkou,high school,N4,n,1283860,,彼は高等学校の生徒ではありません。,He is not a high school student.
a431dff83f,公務員,こうむいん,koumuin,government worker,N4,n,1274820,,私は公務員です。,I'm a government worker.
8fd9bc63e8,国際,こくさい,kokusai,international,N4,adj-no; n,1286400,,英語は国際言語である。,English is an international language.
be527b9f9d,心,こころ,kokoro,core; heart,N4,n,1360480,,同じ心をもった人は２人といない。,No two men are of a mind.
8bd7bc72e8,御主人,ごしゅじん,goshujin,(honorable) your husband,N4,n,1270390,,あなたのご主人は食事にうるさいのかな？,Is your husband a picky eater?
ce133477e7,故障,こしょう,koshou,to break-down,N4,n; vs; vi,1267180,,車が故障したので遅れました。,I was late because my car broke down.
5bb88bc7a4,ご存じ,ごぞんじ,gozonji,knowing; acquaintance,N4,n,1593570,,ご存知だとは思いますが、クオーターしかつかえませんよ。,"This only takes quarters, you know."
aac669551b,答,こたえ,kotae,response,N4,n,1449530,答え,それの正しいこたえを教えてくれ。,Tell me the right answer to it.
5bd8adf14c,ごちそう,ごちそう,gochisou,a feast,N4,n,1593590,御馳走; ご馳走,なんとすばらしいごちそうでしょう。,What a splendid dinner!
038f67b635,こと,こと,koto,thing; matter,N4,n,1313580,事,問題はお金がないということです。,The trouble is that we have no money.
0ae014e274,小鳥,ことり,kotori,small bird,N4,n,1348530,,小鳥たちはたのしそうにさえずっています。,The birds are singing merrily.
cd7dd383c9,このあいだ,このあいだ,konoaida,the other day; recently,N4,n; adv,1004690,この間,この間きみはそう言ったよね。,"You said so the other day, didn't you?"
22f8fe69bf,このごろ,このごろ,konogoro,these days; nowadays,N4,adv; n,1004710,この頃,このごろ少しも見ないです。,I have seen nothing of him lately.
286e978a7d,細かい,こまかい,komakai,small; fine,N4,adj-i,1295530,,わたしはこまかい点までしらべました。,I went into details.
75b68bdc17,ごみ,ゴミ,gomi,rubbish,N4,n,1369900,塵; ゴミ; 塵芥,毎週月曜日にゴミを集めにきます。,They collect our garbage every Monday.
0470fc929f,込む,こむ,komu,to be crowded,N4,v5m; vi,1593410,,今晩は列車がとても込んでいる。,The train is very crowded this evening.
19a8ef6b7a,米,こめ,kome,uncooked rice,N4,n,1508750,,日本人は米を食べて生きている。,The Japanese live on rice.
17fb3976d2,ごらんになる,ごらんになる,goranninaru,(respectful) to see,N4,exp; v5r,2217040,,私たちの新居をご覧になってはいかがですか。,What do you think of our new abode?
b71d50ee32,これから,これから,korekara,after this,N4,exp,1004790,,これからは決してうそをつきません。,I will never tell a lie from now on.
a769e4c0da,怖い,こわい,kowai,frightening,N4,adj-i,1593480,,その子は犬がこわくて入れなかった。,That boy could not enter for fear of the dog.
0b089107f6,壊す,こわす,kowasu,to break,N4,v5s; vt,1199890,,ジョンがきのう窓をこわした。,John broke the window yesterday.
63290aef69,壊れる,こわれる,kowareru,to be broken,N4,v1; vi,1199900,,私はこわれたカメラを見つけました。,I found the broken camera.
d11b994212,コンサート,コンサート,konsaato,concert,N4,n,1051970,,コンサートはどうだった？,How did you enjoy the concert?
cbb63150b8,今度,こんど,kondo,now; next time,N4,n; adv,1289370,,今度の土曜日、テニスをしませんか。,How about playing tennis next Saturday?
918e096f88,コンピュータ,コンピュータ,konpyuuta,computer,N4,n,1053350,コンピューター,洋子はコンピューターを買えない。,Yoko is unable to buy a computer.
bdad768057,今夜,こんや,kon'ya,tonight,N4,n; adv,1289520,,今夜、パーティーを開きます。,We're giving a party tonight.
df21df827a,最近,さいきん,saikin,latest; nowadays,N4,n; adj-no; adv,1293780,,最近、彼のうわさを耳にしていない。,We haven't heard of him lately.
c54201ce25,最後,さいご,saigo,last; end,N4,n,1293810,,最後の試験は来月にまたがるだろう。,The final exams will probably carry over into next month.
f5c169269f,最初,さいしょ,saisho,beginning; first,N4,adj-no; n; adv,1293990,,その考えは最初のうちはばかげているように思えた。,The idea seemed absurd at first.
856f1c8216,坂,さか,saka,slope; hill,N4,n,1297110,,ジョンは坂をスキーで上りました。,John skied up the slope.
0f4440571e,探す,さがす,sagasu,to look for,N4,v5s; vt,1593670,,長い間さがしていた本が見つかった。,I found the book I had long been looking for.
676daad71a,下る,さがる,sagaru,to get down; to descend,N4,v5r; vi,1184160,下がる,ロープから下がっていなさい。,Stand back from the rope.
c70caf0317,盛ん,さかん,sakan,popularity; prosperous,N4,adj-na,1379750,,日本では英語教育が盛んである。,English education flourishes in Japan.
92226ca7db,下げる,さげる,sageru,to hang; to lower; to move back,N4,v1; vt,1184170,,ラジオの音を下げてくれませんか。,Could you turn down the radio?
4d497f75cf,差し上げる,さしあげる,sashiageru,(polite) to give,N4,v1; vt,1291270,,飲み物を差し上げましょうか。,May I offer you a drink?
97bf3a5f9e,さっき,さっき,sakki,some time ago,N4,n; adv,1005180,,いいからさっき盗ったモノを、カバンの中から出しなさい。,"Never mind that, just take out what you've just nicked from your bag."
6dc70626da,寂しい,さびしい,sabishii,lonely,N4,adj-i,1579720,,それで、彼女はとてもさびしく思っています。,And she misses them very much.
a06ffb0362,さ来月,さらいげつ,saraigetsu,the month after next,N4,n; adv,1293640,再来月,再来月は１２月だ。,The month after next is December.
166bec4f83,さ来週,さらいしゅう,saraishuu,the week after next,N4,n; adv,1293650,再来週,再来週の木曜日はどう？,How about two weeks from Thursday?
43f6c947f9,サラダ,サラダ,sarada,salad,N4,n,1057850,,もう少しサラダはいかがですか。,Would you like some more salad?
5afe333d1c,騒ぐ,さわぐ,sawagu,to make noise; to be excited,N4,v5g; vi,1403040,,彼は子供たちにそんなにさわがないようにと言った。,He told his children not to make so much noise.
6d0bb40a1f,触る,さわる,sawaru,to touch,N4,v5r; vi; vt,1357980,,私のタイプライターにさわらないで。,Keep your hands off my typewriter.
28faf8f7a3,産業,さんぎょう,sangyou,industry,N4,n,1303770,,日本は産業国である。,Japan is an industrial country.
4b94df57e2,サンダル,サンダル,sandaru,sandal,N4,n,1058480,,あんな底の厚いサンダル履いてたら、転んで捻挫しちゃうぞ。,You're going to fall and sprain your ankle wearing sandals with such huge platforms.
f919deef04,サンドイッチ,サンドイッチ,sandoitchi,sandwich,N4,n,1058580,,サンドイッチだったらどれくらいかかりますか。,How long would a sandwich take?
6243a1575b,残念,ざんねん,zannen,disappointment,N4,adj-na; n,1304680,,お伺いできないのが残念です。,I regret to say I can't come.
988f9bb24f,市,し,shi,city,N4,n; n-suf,1308090,,それは作りやすいし、しかも安い。,It's easy to make and it's cheap.
dd89673ae0,字,じ,ji,character,N4,n,1315130,,君は字がうまいね。,"You write very neatly, don't you?"
fd00937783,試合,しあい,shiai,match; game,N4,n; vs; vi,1312420,,その試合は何時に始まりますか。,What time does the game start?
88125cd960,仕方,しかた,shikata,method,N4,n,1594110,,あなたはチェスの仕方を知っていますか。,Do you know how to play chess?
f9a20b5203,しかる,しかる,shikaru,a particular,N4,adj-pn,1394730,,親は子供が悪さをするのをしかる。,Parents punish their children for misbehavior.
7855de335f,試験,しけん,shiken,examination,N4,n; vs; vt,1312350,,とにかく、試験が終わってほっとしたよ。,"Anyhow, I'm relieved the test is over."
7f6ffe3432,事故,じこ,jiko,accident,N4,n,1313850,,その事故について彼に質問した。,I asked him about the accident.
ba8831572d,地震,じしん,jishin,earthquake,N4,n,1421210,,地震のときにはガスを止めなさい。,"In case of an earthquake, turn off the gas."
62ebad7ac3,時代,じだい,jidai,era,N4,n,1316300,,大学時代に私は英字新聞をとっていた。,I took an English newspaper when I was in college.
0c0fb94d28,下着,したぎ,shitagi,underwear,N4,n,1185930,,私は新しい下着が気に入っている。,I'm pleased with my new underwear.
ecb83e16fd,支度,したく,shitaku,to prepare,N4,n; vs; vt,1310260,,すぐに旅の支度をしなさい。,Get ready for the trip at once.
48fce6928c,しっかり,しっかり,shikkari,firmly; steadily,N4,adv; adv-to; vs,1594400,確り,君にはもっとしっかり仕事をしてもらいたい。,I want you to work harder.
a89d2853ea,失敗,しっぱい,shippai,failure; mistake,N4,n; vs; vt; vi,1320140,,１度や２度の失敗はだれにでもある。,Everybody fails once or twice.
695b6626d4,辞典,じてん,jiten,dictionary,N4,n,1595270,,私はいつも辞典を３冊手元に置いています。,I always keep three dictionaries at hand.
17af6092db,品物,しなもの,shinamono,goods,N4,n,1490670,,これらの品物は非売品です。,These articles are not for sale.
03712fac9d,しばらく,しばらく,shibaraku,little while,N4,adv,1304420,暫く,ここしばらく彼にまるで会わない。,I haven't seen anything of him for some time.
b1573ec234,島,しま,shima,island,N4,n,1446760,,その島にはとても近づきにやすい。,The island is very easy to reach.
8f69279374,市民,しみん,shimin,citizen,N4,n,1308690,,私は千葉市民ですが、東京で勤めています。,"I am a citizen of Chiba, but work in Tokyo."
9690043102,事務所,じむしょ,jimusho,office,N4,n,1314400,,私のおじはこの事務所で働いている。,My uncle works in this office.
a7dc742b01,社会,しゃかい,shakai,society; public,N4,n,1322700,,彼の一生は社会の下積みで終わった。,He lived and died in obscurity.
a40ee6e509,社長,しゃちょう,shachou,company president,N4,n,1322920,,この会社の社長は誰ですか。,Who is the boss of this company?
694ea10b56,じゃま,じゃま,jama,hindrance; intrusion,N4,n; adj-na; vs; vt,1323500,邪魔,その車がじゃまです。動かしてください。,The car is in the way. Please move it.
ddfb670acf,ジャム,ジャム,jamu,jam,N4,n,1065680,,イチゴはジャムに作られる。,Strawberries are made into jam.
d1805965ec,自由,じゆう,jiyuu,freedom,N4,n; adj-na,1318720,,お金を使うも貯めるも自由にしなさい。,You may spend or save at will.
eacd8a5221,習慣,しゅうかん,shuukan,custom; manners,N4,n,1333090,,その習慣は中国で始まった。,The custom originated in China.
47593d1123,住所,じゅうしょ,juusho,an address; a residence,N4,n,1334080,,あなたの名前と住所を記入しなさい。,Fill in your name and address.
dcfb33317b,柔道,じゅうどう,juudou,judo,N4,n,1335440,,柔道では力より技のほうが大切である。,"In judo, technique is more important than strength."
ab6fd5bdbb,十分,じゅうぶん,juubun,enough,N4,adj-na,1335080,,私はこの本を買うのに十分なお金を持っている。,I have enough money to buy this book.
93f910e281,出席,しゅっせき,shusseki,to attend,N4,n; vs; vi,1339460,,先日小学校のクラス会に出席した。,The other day I attended a class reunion of my elementary school.
c614552d23,出発,しゅっぱつ,shuppatsu,to depart,N4,n; vs; vi,1340000,,すぐに出発した方がいいですよ。,You had better depart at once.
7c6d792073,趣味,しゅみ,shumi,hobby,N4,n,1329000,,趣味については話しましたか？,Did you talk about your hobby?
6ce523bcb6,準備,じゅんび,junbi,to prepare,N4,n; vs; vt,1341670,,準備ができるまでちょっと待ってくれ。,Hang on a bit until I'm ready.
c151fe4163,紹介,しょうかい,shoukai,introduction,N4,n; vs; vt,1351430,,あなたを私の両親に紹介したい。,I want you to meet my parents.
b04bf40187,小学校,しょうがっこう,shougakkou,elementary school,N4,n,1347870,,あなたは小学校に通っているの？,Do you go to an elementary school?
689dc7a66e,小説,しょうせつ,shousetsu,novel,N4,n,1348430,,トムは小説を読んでいる。,Tom is reading a novel.
6111e87e72,招待,しょうたい,shoutai,to invite,N4,n; vs; vt,1349610,,ご招待をありがとうございます。,Thank you for your invitation.
b377c7b2ea,承知,しょうち,shouchi,to consent,N4,n; vs; vt,1349480,,人はすべて死すべきものと承知している。,We know that all men are mortal.
0e3ecb7665,将来,しょうらい,shourai,future; prospects,N4,n; adv,1347710,,これを将来使えるように取っておこう。,I'll keep this for future use.
1ad2f6d941,食事,しょくじ,shokuji,to have a meal,N4,n; vs; vi,1358490,,父は食事中によく新聞を読みます。,My father will often read the newspaper during meals.
2ae7b1cb3b,食料品,しょくりょうひん,shokuryouhin,groceries,N4,n,1358680,,日本の食料品を扱っていますか。,Do you have any Japanese foods?
8410c15b44,女性,じょせい,josei,woman,N4,n; adj-no,1345250,,その少女は大きくなってすらりとした女性になった。,The girl has grown into a slender woman.
1a680b4cf9,知らせる,しらせる,shiraseru,to notify,N4,v1; vt,1420410,,彼女はそれをどのようにして知らせたのですか。,How did she tell them?
beb32f751c,調べる,しらべる,shiraberu,to investigate,N4,v1; vt,1429060,,オイルをしらべましょうか。,Shall I check the oil?
7962f0cea1,人口,じんこう,jinkou,population,N4,n,1367300,,日本の人口はイギリスよりも多い。,The population of Japan is larger than that of Britain.
40c673da45,神社,じんじゃ,jinja,Shinto shrine,N4,n,1364670,,京都には多くの神社がある。,There are many shrines in Kyoto.
c904982ded,親切,しんせつ,shinsetsu,kindness,N4,adj-na; n,1365250,,あなたの家族はきっと親切でしょう。,Your family must be very nice.
ff60f2830f,心配,しんぱい,shinpai,to worry,N4,n; vs; vt; adj-na,1360930,,その男の子は心配して病気になった。,The boy got sick from anxiety.
f7e69f5427,新聞社,しんぶんしゃ,shinbunsha,newspaper company,N4,n,1362400,,どちらの新聞社にお勤めですか。,Which newspaper do you work for?
78de196fe8,水泳,すいえい,suiei,swimming,N4,n; vs; vi,1371320,,水泳が私の楽しみの１つです。,Swimming is one thing I enjoy.
2070f21eae,水道,すいどう,suidou,water supply,N4,n,1371920,,昨日水道を止められた。,The water was cut off yesterday.
cdddb30c94,ずいぶん,ずいぶん,zuibun,extremely,N4,adv; adv-to,1372800,随分,私たちはもうずいぶん長くここにいます。,We've been here long enough.
48341cc3a0,数学,すうがく,suugaku,mathematics; arithmetic,N4,n,1372980,,明日数学のテストがあるでしょう。,There will be a math test tomorrow.
eb0f717433,スーツ,スーツ,suutsu,suit,N4,n,1066680,,スーツを着て彼は目立っていた。,He was conspicuous in his suit.
8a13543a80,スーツケース,スーツケース,suutsukeesu,suitcase,N4,n,1066690,,私は彼にスーツケースを運ばせた。,I made him carry the suitcase.
6701f8cbba,過ぎる,すぎる,sugiru,to exceed,N4,v1; vi,1195970,,このスープは、しょっぱ過ぎて飲めないよ。,This soup is too salty to eat.
8065461ace,すく,すく,suku,to become empty,N4,v5k; vi,1586265,空く,どの車両がすいていますか。,Which car is less crowded?
270801de39,スクリーン,スクリーン,sukuriin,screen,N4,n,1068550,,それらの単語は彼のコンピューター・スクリーンに現れたのだった。,The words would appear on his computer screen.
ded62a84d0,凄い,すごい,sugoi,terrific,N4,adj-i,1374550,すごい,マドンナのコンサートはすごい数の客を集めた。,Madonna's concert drew a large audience.
5c8702fe01,進む,すすむ,susumu,to make progress,N4,v5m; vi,1365980,,英語の勉強は進んでいますか？,How are you getting along with your English study?
44f773f94f,すっかり,すっかり,sukkari,completely,N4,adv; adv-to,1006110,,私はすっかり息が切れた。,I am completely out of breath.
424826c446,すっと,すっと,sutto,straight; all of a sudden,N4,adv; vs,1006140,,カタツムリがすっと角を出した。,The snail shot out its horns.
d2937b2999,ステーキ,ステーキ,suteeki,steak,N4,n,1070280,,ステーキの焼き方はどうなさいますか。,How would you like your steak?
49ac3c55c7,捨てる,すてる,suteru,to throw away,N4,v1; vt,1322320,,そんな計画は捨ててしまいなさい。,Put the plan on the scrap heap.
9071f08832,ステレオ,ステレオ,sutereo,stereo,N4,n,1070650,,私はあの店で新しいステレオを買った。,I got a new stereo at that store.
97a079585a,砂,すな,suna,sand,N4,n,1291500,,後ろ足で砂をかけるようなことをした。,He raised his heel against me.
0627e3997c,すばらしい,すばらしい,subarashii,wonderful,N4,adj-i,1397300,素晴らしい,その日は実にすばらしい日だった。,It was a really beautiful day.
081d0fb4bb,滑る,すべる,suberu,to slide; to slip,N4,v5r; vi,1208640,,彼女はすべらないようにゆっくりと歩いた。,She walked slowly for fear she should slip.
9776ccd07d,隅,すみ,sumi,corner; nook,N4,n; n-suf,1246440,,隅のテーブルがいいのですが。,Could we have a table in the corner?
1e1b53a2d3,済む,すむ,sumu,to finish,N4,v5m; vi,1295070,,１０時ちょっと前に仕事が済んだ。,We got through the work just before ten.
745024b527,すり,すり,suri,pickpocket,N4,n,1567450,掏摸,すりは人ごみの中に消えた。,The pickpocket disappeared into the crowd.
416c1b3679,すると,すると,suruto,then,N4,conj,1006280,,するとあなたは幸せでしょう。,Then you will be happy.
7817c4eed6,生活,せいかつ,seikatsu,to live,N4,n; vs; vi,1378860,,来年私たちは大学生活が始まります。,"Next year, we'll be starting college."
75acde1d68,生産,せいさん,seisan,to produce,N4,n; vs; vt,1378990,,この工場はＣＤプレーヤーを生産している。,This factory produces CD players.
75b0305c60,政治,せいじ,seiji,politics; government,N4,n,1375970,,政治については語りたくない。,I'd rather not say anything about politics.
1e4db2ac9d,西洋,せいよう,seiyou,western countries,N4,n,1381100,,それらは西洋の風呂よりずっといいです。,They are much better than Western baths.
bfe54303cd,世界,せかい,sekai,the world,N4,n,1373860,,愛の力は世界を動かす。,Love makes the world go round.
d11d9a6207,席,せき,seki,seat,N4,n,1382250,,この席を見ていてくれませんか。,Can you save this seat for me?
123ee74d43,説明,せつめい,setsumei,explanation,N4,n; vs; vt,1386460,,あなたはそれをどう説明しますか。,How do you account for that?
d8623369cb,背中,せなか,senaka,back of the body,N4,n,1472800,,このブラウスはボタンが背中にある。,This blouse buttons at the back.
bdf6b26213,ぜひ,ぜひ,zehi,without fail,N4,adv,1374530,是非,ぜひパーティーにおいでください。,You must come to the party by all means.
dac7bb4374,世話,せわ,sewa,to look after,N4,n; vs; vt,1374300,,私の弟が私たちの犬の世話をする。,My brother takes care of our dog.
da94019cdd,線,せん,sen,line,N4,n; n-suf,1391780,,この線の終点はどこですか。,Where is the end of this line?
ba20bc66d0,ぜんぜん,ぜんぜん,zenzen,not entirely (used in a negative sentence),N4,adv,1395620,全然,私はビールはぜんぜん飲みません。,I never touch beer.
8c83cac81c,戦争,せんそう,sensou,war,N4,n; vs; vi,1390360,,戦争が起こらなければいいと思う。,I hope war doesn't break out.
9b3ce398bd,先輩,せんぱい,senpai,senior,N4,n; suf,1388410,,彼は仕事の上では私の先輩だ。,He has more experience on the job than I.
554ab81272,そう,そう,sou,really,N4,aux; adj-na,1006610,,まもなく雨が降りそうだ。,It is going to rain soon.
aa663833e4,相談,そうだん,soudan,to discuss,N4,n; vs; vt,1401210,,あなたに相談したいことがあるの。,I have something to talk over with you.
ec43853e0f,育てる,そだてる,sodateru,to rear; to bring up,N4,v1; vt,1160570,,クッキーはケイトによって育てられた。,Cookie was raised by Kate.
6a89d1feee,卒業,そつぎょう,sotsugyou,graduation,N4,n; vs; vi,1405890,,彼は学校を卒業したあと、ロンドンへ行った。,"After he left school, he went to London."
14363682cb,祖父,そふ,sofu,grandfather,N4,n,1396840,,祖父はステッキがないと歩けない。,My grandfather cannot walk without a stick.
d2ab60015b,ソフト,ソフト,sofuto,soft,N4,adj-na; adj-no,1075500,,スミスさんはソフトな語り口の人物です。,Mr Smith is a softly-spoken person.
0f0ed38b4c,祖母,そぼ,sobo,grandmother,N4,n,1396860,,私は祖母が大好きです。,I love my grandmother very much.
67c8e8ac31,それで,それで,sorede,because of that,N4,conj,1007000,其れで,それで、その金はどこから出るんだよ？,And where is the money coming from?
074e70b529,それに,それに,soreni,moreover,N4,conj,1007040,其れに,それに、みんなに仲間もできるしね。,"And, we get each other's company to boot."
e35f288b22,それほど,それほど,sorehodo,to that extent,N4,adv,1007060,其れ程,いや、それほど混んでなかったよ。,"No, the traffic wasn't too bad."
0039e17a55,そろそろ,そろそろ,sorosoro,gradually; soon,N4,adv; adv-to,1345605,,そろそろ寝る時間だぞ。,It's time you went to bed.
73688428ee,そんな,そんな,sonna,that sort of,N4,adj-pn,1007130,,どうしてそんなことが起こったの？,How did such a thing come about?
d1cca83038,そんなに,そんなに,sonnani,so much; like that,N4,adv,2008740,,でも、そんなに悪くはなかったよ。,"Well, it wasn't all that bad."
ced7c01cf1,退院,たいいん,taiin,to leave hospital,N4,n; vs; vi,1411300,,彼女は１時間前に退院しました。,She left the hospital an hour ago.
138dee4a26,大学生,だいがくせい,daigakusei,university student,N4,n,1413260,,私の兄は大学生です。,My brother is a college student.
de9d61dd71,大事,だいじ,daiji,important; valuable; serious matter,N4,adj-na,1413940,,彼は私たちにとって大事な人だ。,He is precious to us.
c0afe72b73,大体,だいたい,daitai,generally,N4,adv,1414470,,仕事はだいたい終わった。,The work is mostly done.
4e5dab579c,たいてい,たいてい,taitei,usually,N4,adj-na; adv; n,1414580,大抵,夜はたいていの人が寝る時である。,Night is when most people go to bed.
a174ca4443,タイプ,タイプ,taipu,type; style,N4,n,1075940,,こういうタイプの人はおもしろくない。,That type of person is dull.
b442490fff,大分,だいぶ,daibu,greatly,N4,adv,1414920,,だいぶ痛みがなくなりました。,The pain has mostly gone away.
14d52a91d3,台風,たいふう,taifuu,typhoon,N4,n,1596780,,台風のため学校が休みになった。,We had no school on account of the typhoon.
23afff6d4b,倒れる,たおれる,taoreru,to break down,N4,v1; vi,1445790,,その男はたおれた木にすわっていた。,The man was sitting on a fallen tree.
ced135c81e,だから,だから,dakara,so; therefore,N4,conj,1007310,,１日中テニスをしていたのだから。,He was playing tennis all day.
2b610cb1a7,確か,たしか,tashika,definite,N4,adj-na,1596930,,たしか先週の金曜日だったと思います。,I think that it was probably Friday of last week.
12d94456b3,足す,たす,tasu,to add a number,N4,v5s; vt,1404700,,６０にするためには１７に何を足せばよいの。,What do you have to add to 17 to get 60?
d73148e8d0,尋ねる,たずねる,tazuneru,to ask,N4,v1; vt,1369940,,みんながいつも私にそれをたずねる。,Everyone always asks me that.
2710211107,訪ねる,たずねる,tazuneru,to visit,N4,v1; vt,1518070,,いつでも私のオフィスを訪ねなさい。,Call at my office at any time.
abb49cd233,正しい,ただしい,tadashii,correct,N4,adj-i,1376600,,これが正しいかどうか自信がないんだ。,I'm not sure if this is correct.
b5579bc4a6,畳,たたみ,tatami,Japanese straw mat,N4,n,1356750,,彼は畳の上に大の字になった。,He lay on the mat at full length.
c5741f54d6,建てる,たてる,tateru,to build,N4,v1; vt,1257330,,この寺院は７８０年に建てられた。,This temple dates back to 780.
cad7f1010a,立てる,たてる,tateru,to stand something up,N4,v1; vt,1551530,,図書館では物音を立ててはいけない。,Don't make a noise in the library.
1cda12dd3f,例えば,たとえば,tatoeba,for example,N4,adv,1556370,,たとえば、標本はいくつですか。,"How many samples, for example?"
9c96fd3cb4,棚,たな,tana,shelves,N4,n,1416700,,私はそのたなの上の赤いのが好きです。,I like the red ones on the shelf.
fb53d716c6,楽しみ,たのしみ,tanoshimi,joy,N4,n; adj-na,1207250,,お便り楽しみにお待ちしております。,I am looking forward to hearing from you.
df6476fabd,楽む,たのしむ,tanoshimu,to enjoy oneself,N4,v5m; vt,1207270,楽しむ,グレイ先生は仕事を楽しんでいませんでした。,Mr Grey did not enjoy his job.
ebaf7ce5e4,たまに,たまに,tamani,occasionally,N4,adv,1634500,偶に,たまには会いに来て下さい。,Come and see me once in a while.
06aec1d647,為,ため,tame,in order to,N4,n; adv,1157080,,それは、おまえの声をよく聞くためだよ。,It is in order to hear your voice well.
6cf505ee55,だめ,だめ,dame,no good,N4,adj-na; n,1409110,駄目,もうだめだ。,It's all over.
19f08c094e,足りる,たりる,tariru,to be enough,N4,v1; vi,1404740,,今、ちょっとお金が足りなくてね。,I'm a bit short of money now.
73a3e59782,男性,だんせい,dansei,male,N4,n; adj-no,1420160,,男性の方は上着を着用してください。,Jackets are requested for men.
aaac8221c9,暖房,だんぼう,danbou,heating,N4,n; vs; vt,1419860,,お宅の暖房はどのようにしていますか。,How do you heat the house?
56a36774ce,血,ち,chi,blood,N4,n,1255060,,私たちは血がつながっている。,We are related by blood.
37403d4948,チェックする,チェック,chekku,to check,N4,n; adj-no,1077550,,エンジンをチェックしましたか。,Have you checked the engine?
43965bbba0,力,ちから,chikara,strength; power,N4,n,1554820,,あなたは集中する力を失ってしまった。,You've lost the ability to concentrate.
f527f52c5c,ちっとも,ちっとも,chittomo,not at all (used with a negative verb),N4,adv,1007560,些とも,ちっとも気にしていない。,I am not the least bit worried.
18035049f8,ちゃん,ちゃん,chan,suffix for familiar female person,N4,suf,1007660,,七子ちゃんはほんとうにかわいいですね。,"Nanako is really cute, isn't she?"
4e6d200127,注意,ちゅうい,chuui,caution,N4,n; vs; vi,1426530,,彼に遅れないように注意した。,I cautioned him against being late.
4b99b4673b,中学校,ちゅうがっこう,chuugakkou,junior high school; middle school,N4,n,1423650,,この歌を聞くと私の中学校時代を思い出します。,This song reminds me of my junior high school days.
3f26d1cef7,注射,ちゅうしゃ,chuusha,injection,N4,n; vs; vt,1426590,,旅行に行く前に注射をしなければならない。,I need some shots before I go on my trip.
36f583c207,駐車場,ちゅうしゃじょう,chuushajou,parking lot,N4,n,1426920,,駐車場には人ひとり見えなかった。,Not a soul was to be seen in the parking lot.
16db6a0f53,地理,ちり,chiri,geography,N4,n,1421540,,私はこの町の地理をよく知っている。,I am familiar with the geography of this town.
ef537ea4a9,捕まえる,つかまえる,tsukamaeru,to seize,N4,v1; vt,1597780,,その男は少年の手をつかまえた。,The man took the boy by the hand.
ba74488833,つき,つき,tsuki,moon,N4,n,1255430,月,月に１度は家に手紙を書くべきだ。,You should write home once a month.
356e03170b,付く,つく,tsuku,to be attached,N4,v5k; vi,1495740,,テレビがつきません。,The TV won't turn on.
c206b05b9d,漬ける,つける,tsukeru,to soak; to pickle,N4,v1; vt,1433680,,彼はスプーンをスープの中につけた。,He dipped his spoon into the soup.
7d940762d2,都合,つごう,tsugou,circumstances; convenience,N4,n,1444980,,何時がご都合よいでしょうか。,What time will be right for you?
bbe4edb30f,伝える,つたえる,tsutaeru,to report,N4,v1; vt,1441870,,その話は親から子へと伝えられた。,The story was handed down from father to son.
a1db204b87,続く,つづく,tsuzuku,to be continued,N4,v5k; vi,1405790,,どれくらいこの寒い天気は続きますか。,How long will this cold weather go on?
d177796b00,続ける,つづける,tsuzukeru,to continue,N4,v1; vt,1405800,,ケンはその歌を歌い続けた。,Ken kept on singing that song.
ce21381e4f,包む,つつむ,tsutsumu,to wrap,N4,v5m; vt,1584060,,プレゼント用に包んでもらえますか。,"Can you gift-wrap this, please?"
776c4df05f,妻,つま,tsuma,(humble) wife,N4,n,1294330,,,
342df55815,つもり,つもり,tsumori,intention,N4,n,1382980,積もり,私は来年留学するつもりです。,I intend to study abroad next year.
15f9f72b7c,釣る,つる,tsuru,to fish,N4,v5r; vt,1434120,,私は昨日大きな魚を釣った。,I caught a big fish yesterday.
0319cd1801,連れる,つれる,tsureru,to lead,N4,v1; vt,1559290,,でもさ、母を連れて行かなくてはいけないんだ。,"But, I have to take my mother."
aa30940947,丁寧,ていねい,teinei,polite,N4,adj-na; n,1427360,,漢字を書くときは点やはらいに気をつけて、なるべく早くていねいに書きましょう。,"When drawing kanji be careful of dots and sweeps, write as carefully and quickly as possible."
ccdf4613d1,テキスト,テキスト,tekisuto,text; text book,N4,n,1079290,,このテキストは初心者向きにできている。,This text is aimed at beginners.
fa043680e3,適当,てきとう,tekitou,suitability,N4,adj-na; n,1437450,,靴下は適当な大きさのものがよい。,Stockings should be of the proper size.
bbf07b44f0,できるだけ,できるだけ,dekirudake,as much as possible,N4,exp; adv; adj-no,1340460,出来るだけ,できるだけ多くの本を読みなさい。,Read as many books as you can.
b4206ea6cb,手伝う,てつだう,tetsudau,to assist,N4,v5u; vt,1328190,,いつでもお手伝いします。,I am always ready to help you.
02dea2f4f6,テニス,テニス,tenisu,tennis,N4,n,1080000,,１日中テニスをしていたのだから。,He was playing tennis all day.
be7c090b8e,手袋,てぶくろ,tebukuro,glove,N4,n,1328090,,この手袋は両方がそろっていない。,Their gloves are not in pairs.
a9687d55e3,寺,てら,tera,temple,N4,n,1315240,,以前はちょうどここにお寺があった。,There used to be a temple right here.
67fb8c065d,点,てん,ten,point; dot,N4,n,1441390,,どんな小さな点でも見ることができる。,I can see the tiniest spot.
29b43fab16,店員,てんいん,ten'in,shop assistant,N4,n,1440670,,店員はその荷物にラベルをつけた。,The clerk labeled the baggage.
5fd0c77ef5,天気予報,てんきよほう,tenkiyohou,weather forecast,N4,n,1438770,,天気予報が当たったよ。,The weather forecast was right.
db2fc03fcf,電灯,でんとう,dentou,electric light,N4,n,1443660,,ルーシーは電灯のスイッチをつけた。,Lucy turned on the light switch.
84e17fcbc2,電報,でんぽう,denpou,telegram,N4,n,1443760,,私は、彼女から電報を受け取った。,I received a telegram from her.
80eba2fabb,展覧会,てんらんかい,tenrankai,exhibition,N4,n,1440660,,私たちは毎年展覧会を開く。,We hold an exhibition every year.
53162e310d,都,と,to,metropolitan,N4,n,1621470,,この土地とこの家は私の物ですよ。,This house and this land are mine!
c64697ccaa,道具,どうぐ,dougu,tool; means,N4,n,1454180,,この道具はなんの役にもたたない。,This tool is good for nothing.
9ef4ab5d2a,とうとう,とうとう,toutou,finally; after all,N4,adv,1449890,,とうとう、良い考えが浮かんだ。,At last a good idea struck me.
69678bc04e,動物園,どうぶつえん,doubutsuen,zoo,N4,n,1451490,,コンドルは動物園では決して育たない。,Condors have never bred in zoos.
fc60a66d5c,遠く,とおく,tooku,distant,N4,n; adv; adj-no,1177820,,遠くに何か動いているものがあった。,There was something moving in the distance.
e9c1a3ae2c,通る,とおる,tooru,to go through,N4,v5r; vi,1433030,,私は毎日その教会の前を通る。,I go by that church every day.
0b2acf3460,特に,とくに,tokuni,particularly; especially,N4,adv,1454670,,私は音楽、特にロックが大好きだ。,"I love music, especially rock."
cc2bd01f0a,特別,とくべつ,tokubetsu,special,N4,adj-na; adj-no; adv; n,1455280,,クリスマスは特別な休日だ。,Christmas is a special holiday.
8743cb4286,とこや,とこや,tokoya,barber,N4,n,1349410,床屋,おや、床屋へ行ってきたのだね。,"Oh, you've been to the barbershop."
9b799806d8,途中,とちゅう,tochuu,on the way,N4,n; adv,1582200,,学校へ行く途中でトムに会った。,I met Tom on my way to school.
3753f20423,特急,とっきゅう,tokkyuu,limited express train (faster than an express train),N4,n,1454750,,時計がおくれていたので、私は特急にのりそこねた。,"As my watch was slow, I missed the special express."
bc1e0c2895,届ける,とどける,todokeru,to reach,N4,v1; vt,1457210,,家に届けていただけますか。,Can you deliver it to my house?
1200266b8d,泊まる,とまる,tomaru,to lodge at,N4,v5r; vi,1474850,,今夜とまるところがないんだ。,I have no place to sleep tonight.
3aadcbc234,止める,とめる,tomeru,to stop something,N4,v1; vt,1310670,,この文書はあなたのお目にだけ留めていただきたい。,This document is for your eyes only.
7becfb8f21,取り替える,とりかえる,torikaeru,to exchange,N4,v1; vt,1326830,,これを青いのと取り替えてください。,Please change this for a blue one.
76d7890e5d,泥棒,どろぼう,dorobou,thief,N4,n,1599340,,どろぼうは犬がほえるのをきくと、逃げ去った。,"When the thief heard the dog bark, he took to his heels."
ccfefc657c,どんどん,どんどん,dondon,more and more,N4,adv; adv-to,1009320,,だれかがドアをどんどんたたいている。,Someone is battering at the door.
8b7b602246,直す,なおす,naosu,to fix; to repair,N4,v5s; vt,1599390,,その本をなおしなさい。,Put the book back where you found it.
9f64a96651,治る,なおる,naoru,to be cured; to heal,N4,v5r; vi,1599400,,２週間もすれば自然に治ります。,It will go away by itself in two weeks.
b43872b197,直る,なおる,naoru,to be fixed; to be repaired,N4,v5r; vi,2846390,,いったい、いつになったらそのケチは直るの？,When will you ever loosen your purse strings?
d3b3911a79,中々,なかなか,nakanaka,considerably,N4,adv; adj-na,1599420,なかなか,アンはなかなかやって来なかった。,Ann was long coming.
a777a7ce62,泣く,なく,naku,to weep,N4,v5k; vi,1229840,,私は小さな女の子がないているのを聞いた。,I heard a little girl crying.
2adec6b9b4,亡くなる,なくなる,nakunaru,to die,N4,v5r; vi,1518540,,なくなったスミスさんは医者でした。,The late Mr Smith was a doctor.
1d28dbb450,無くなる,なくなる,nakunaru,to disappear; to get lost,N4,v5r; vi,1529550,,あなたの青いペンがなくなってしまいました。,I misplaced your blue pen.
1b35adeae4,投げる,なげる,nageru,to throw or cast away,N4,v1; vt,1447000,,その子は犬に石を投げた。,That child threw a stone at the dog.
74c23dc218,なさる,なさる,nasaru,(respectful) to do,N4,v5aru; vt,1157090,為さる,ステーキの焼き方はどうなさいますか。,How would you like your steak?
3a915c9be5,鳴る,なる,naru,to sound,N4,v5r; vi,1532910,,ちまたではインターネットなるものがはやっています。,People are talking about this Internet phenomenon.
626ae1ff39,なるべく,なるべく,narubeku,as much as possible,N4,adv,1375620,成るべく,なるべく安いほうがいいです。,I would like the least expensive one.
76a4fc9d6d,なるほど,なるほど,naruhodo,now I understand,N4,int; adv,1375820,,なるほど、これがニューヨークか。,So this is New York.
ce2f134cda,慣れる,なれる,nareru,to grow accustomed to,N4,v1; vi,1212670,,学生の時は勉強することになれていた。,I was used to studying when I was a student.
40f67571a6,におい,におい,nioi,a smell,N4,n,1599760,匂い,あの花はにおいが強いな。,That flower has a powerful smell.
e1cfd51839,苦い,にがい,nigai,bitter,N4,adj-i,1244310,,このコーヒーは苦い味がする。,This coffee tastes bitter.
eef262a7dd,二階建て,にかいだて,nikaidate,two storied,N4,n,1599800,,私は２階建ての家に住んでいる。,I live in a two story house.
f7a51f2c1c,逃げる,にげる,nigeru,to escape,N4,v1; vi,1450330,,現実から逃げることはできない。,You can't escape from reality.
0ddf8d04c2,日記,にっき,nikki,journal,N4,n,1463930,,彼女はそのことを日記に書いた。,She wrote about it in her diary.
178daf8296,入院,にゅういん,nyuuin,to hospitalise,N4,n; vs; vi,1465720,,私の母は、この夏入院していました。,My mother was in the hospital during the summer.
433da13afb,入学,にゅうがく,nyuugaku,to enter school or university,N4,n; vs; vi,1465850,,私の息子は、高校に入学した。,My son entered high school.
ea2fe2f5de,似る,にる,niru,to be similar,N4,v1; vi,1314600,,私も似た話を聞いたことがある。,I also heard a similar story.
5cda324083,人形,にんぎょう,ningyou,doll; figure,N4,n,1367120,,メアリーは私にアメリカの人形をくれた。,Mary gave me an American doll.
88710a5d10,盗む,ぬすむ,nusumu,to steal,N4,v5m; vt,1448440,,盗まれたお金があきらめられない。,I won't give up on the stolen money.
6631558c00,塗る,ぬる,nuru,to paint; to plaster,N4,v5r; vt,1444270,,ジョンがドアにペンキを塗っていた。,John has been painting the door.
cdabcdd725,ぬれる,ぬれる,nureru,to get wet,N4,v1; vi,1467620,濡れる,木のおかげで雨にぬれずにすんだ。,The trees kept me out of the rain.
b89d0618be,ねだん,ねだん,nedan,price,N4,n,1600160,値段,このラジオの値段はいくらですか。,What is the price of this radio?
4fbc32438d,熱,ねつ,netsu,fever,N4,n,1467710,,１０２゜Ｆの熱があります。,I have a fever of 102 degrees.
9de5a5daff,ねっしん,ねっしん,nesshin,enthusiasm,N4,adj-na; n,1467910,熱心,熱心にそのニュースを聞いていた。,They were all ears for the news.
1af14ddd32,寝坊,ねぼう,nebou,sleeping in late,N4,n; vs; vi; adj-na; adj-no,1360320,,彼はときどき寝坊する。,He sometimes sleeps in.
ac5fa7fe3b,眠い,ねむい,nemui,sleepy,N4,adj-i,1529330,,私はたいへんねむくなった。,I got very sleepy.
3575e37548,眠る,ねむる,nemuru,to sleep,N4,v5r; vi,1529390,,彼は今地下に眠っている。,He is dead and buried now.
d7f56d8d34,残る,のこる,nokoru,to remain,N4,v5r; vi,1304510,,もう３ページ残っている。,I have three more pages to go.
6a3d0e7070,のど,のど,nodo,throat,N4,n,1600280,喉,今日起きたら喉がいがらっぽかったです。,"When I got up today, my throat felt a little sore."
0114521256,乗り換える,のりかえる,norikaeru,to change between buses or trains,N4,v1; vt,1600470,,東京駅で列車を乗り換えなさい。,Change trains at Tokyo Station.
0787fd5472,乗り物,のりもの,norimono,vehicle,N4,n,1600530,,乗り物は子供向けである。,Rides in the cars are for kids.
254439ebbe,葉,は,ha,leaf,N4,n,1546550,,こちらには大きなハスの葉があります。,We have very big lotus leaves.
2d86d7e0fc,場合,ばあい,baai,situation,N4,n,1355810,,システムが作動しない場合がある。,There are cases where the system doesn't go.
d051720806,パート,パート,paato,part time,N4,adj-no; n,1100810,,ごめんね。明日は朝からパートがあるのよ。,"Sorry, I have a part-time job starting tomorrow morning."
b7dd1f219b,倍,ばい,bai,double,N4,n; adj-no,1473230,,あの山はこの山の５倍の高さである。,That mountain is five times as high as this one.
88a295c433,拝見,はいけん,haiken,(humble) to look at,N4,n; vs; vt,1472270,,パスポートを拝見できますか。,"May I see your passport, please?"
9bb337edc6,歯医者,はいしゃ,haisha,dentist,N4,n,1313080,,今日歯医者へ行きました。,Today I went to the dentist's.
2404bdfdb3,運ぶ,はこぶ,hakobu,to transport,N4,v5b; vt,1172660,,仕事はすらすらと運んだ。,The work progressed smoothly.
4610276c99,始める,はじめる,hajimeru,to begin,N4,v1; vt,1307550,,いつゴルフを始めたのですか。,When did you begin playing golf?
32ca6422d6,場所,ばしょ,basho,location,N4,n,1355850,,このソファーは場所を取りすぎる。,This sofa takes too much room.
d02b870af1,はず,はず,hazu,it should be so,N4,aux,1476430,筈,明日の今ごろはパリにいるはずだ。,We should be in Paris by this time tomorrow.
847b1b7535,恥ずかしい,はずかしい,hazukashii,embarrassed,N4,adj-i,1421630,,彼らははずかしくてうなだれた。,They hung their heads in shame.
54a6f375d8,パソコン,パソコン,pasokon,personal computer,N4,n,1101570,,パソコンが起動しなくなりました。,My computer won't start up anymore.
3ce079af0b,発音,はつおん,hatsuon,pronunciation,N4,n; vs; vt,1477170,,あなたのお名前はどのように発音するのですか。,How do you pronounce your name?
2078b08350,はっきり,はっきり,hakkiri,clearly,N4,adv; adv-to,1010150,,私はまだはっきりとは知らない。,I don't know for certain yet.
8825d6d645,花見,はなみ,hanami,cherry-blossom viewing,N4,n; vs,1194660,,お花見に行きませんか？,Why don't we go and see the cherry blossoms?
a2962b07bc,林,はやし,hayashi,woods; forester,N4,n,1555440,,林に竹が目立つ。,Bamboo stands out in the woods.
a6b7fa4afc,払う,はらう,harau,to pay,N4,v5u; vt,1501620,,ジャックはブラシで上着のほこりを払った。,Jack brushed the dust off his coat.
76e19fba1a,番組,ばんぐみ,bangumi,television or radio program,N4,n,1482340,,今晩どんな番組がありますか。,What's on the air this evening?
d48ed47f5e,反対,はんたい,hantai,opposition,N4,n; vs; vi; adj-no; adj-na,1480670,,母は私の一人旅に反対したんです。,My mother objected to my traveling alone.
70eb9aa3ff,ハンドバッグ,ハンドバッグ,handobaggu,handbag,N4,n,1096770,,私のハンドバッグをどうしたの？,What did you do with my purse?
f9f80b1a36,火,ひ,hi,fire,N4,n,1193610,,いすをもっと火の近くに寄せなさい。,Draw your chair closer to the fire.
55a030e65f,日,ひ,hi,day; sun,N4,n,1463770,,冬が近づくにつれて日が短くなる。,The days grow shorter as winter approaches.
897bcab845,ピアノ,ピアノ,piano,piano,N4,n,1106400,,ナンシーはピアノを持っています。,Nancy has a piano.
28c2a94407,冷える,ひえる,hieru,to grow cold,N4,v1; vi,1556630,,冷えたビールがあればたまらないね。,A cold beer would hit the spot!
c8a0e96a6a,光,ひかり,hikari,light,N4,n,1272780,,光が世にやって来た。,Light has come into the world.
8b7dab271d,光る,ひかる,hikaru,to shine; to glitter,N4,v5r; vi,1272820,,上部前方で何かが光っている。,Something is flashing up ahead.
916e92f3da,引き出し,ひきだし,hikidashi,drawer; drawing out,N4,n,1601650,,きれいなタオルは引き出しにありますよ。,The clean towels are in the drawer.
5d8e0ae01f,引き出す,ひきだす,hikidasu,to withdraw,N4,v5s; vt,1601660,引出す,彼のいいところを引き出すようにしなさい。,Try to bring out the best in him.
36d0fd2044,ひげ,ひげ,hige,beard,N4,n,1601810,髭,お父さんがバスルームでひげを剃っている。,Dad is shaving in the bathroom.
546e786cde,飛行場,ひこうじょう,hikoujou,airport,N4,n,1485520,,その島の飛行場は、今では草がぼうぼうだ。,The airfield on the island is now covered with weeds.
8c813519f4,久しぶり,ひさしぶり,hisashiburi,after a long time,N4,adj-no; adj-na; n,1227370,久し振り,彼女から久しぶりに電話があった。,I had a call from her for the first time in a long time.
eced3a159f,美術館,びじゅつかん,bijutsukan,art gallery,N4,n,1486460,,このバスは美術館まで行きますか。,Does this bus go to the museum?
be23bfe1f6,非常に,ひじょうに,hijouni,extremely,N4,adv,1484930,,車を運転することは非常に楽しい。,It is a lot of fun to drive a car.
1af4626d8f,びっくりする,びっくり,bikkuri,to be surprised,N4,vs; vi; adv,1226360,びっくり; 吃驚,私はそのニュースにびっくりした。,I was taken aback by the news.
d801b8b37a,引っ越す,ひっこす,hikkosu,to move house,N4,v5s; vi,1169340,,去年の秋、私たちはニューヨークに引っ越した。,We moved to New York last fall.
6907fc706d,必要,ひつよう,hitsuyou,necessary,N4,adj-na,1487660,,歯医者に行く必要はないですよ。,You don't need to go to the dentist's.
33a024fce6,ひどい,ひどい,hidoi,awful,N4,adj-i,1602060,酷い,この薬はひどい味がする。,This medicine tastes horrible.
dddceb65a5,開く,ひらく,hiraku,to open an event,N4,v5k; vi; vt,1202440,,庭のバラの木のつぼみが少しずつ開き始める。,"Little by little, the buds on the rosebush in my garden begin to open."
1fb9d39cd6,ビル,ビル,biru,building or bill,N4,n,1106010,,,
ee0c991348,昼間,ひるま,hiruma,daytime; during the day,N4,n; adv,1581710,,フクロウは昼間は目が見えない。,Owls cannot see in the daytime.
26253e5000,昼休み,ひるやすみ,hiruyasumi,noon break,N4,n; adv,1426290,,お昼休みは、１時間です。,Lunch break is an hour long.
a441432c8a,拾う,ひろう,hirou,to pick up; to gather,N4,v5u; vt,1332570,,ホテルの前で私を車で拾ってください。,Please pick me up by car in front of the hotel.
ced6d3f112,ファックス,ファックス,fakkusu,fax,N4,n; vs; vt,1108180,,この手紙を日本までファックスしてください。,I'd like to fax this to Japan.
59bc2e87aa,増える,ふえる,fueru,to increase,N4,v1; vi,1602440,,先週また体重が５ポンド増えた。,Last week I gained another five pounds.
de718a81e9,深い,ふかい,fukai,deep,N4,adj-i,1362640,,湖の深さはどのくらいですか。,What is the depth of the lake?
1d83ae6a5a,複雑,ふくざつ,fukuzatsu,complexity; complication,N4,adj-na; n,1501350,,どのぐらい複雑なのだろうか。,How complex?
c00788993b,復習,ふくしゅう,fukushuu,revision,N4,n; vs; vt,1500800,,その課の復習をしましたか。,Have you gone over the lesson?
346a5da3c2,部長,ぶちょう,buchou,head of a section,N4,n,1499460,,部長が、すごいハイスペック・マシン買ったそうよ。,The supervisor bought a really fast machine.
fbb6245e8b,普通,ふつう,futsuu,usually; or a train that stops at every station,N4,n,1497190,,日曜日は私にとって普通の日ではない。,Sunday is not an ordinary day to me.
fceb1b247e,ぶどう,ぶどう,budou,grapes,N4,n,1499230,,私たちはぶどうをたくさん手に入れた。,We got many grapes.
f6b676e45f,太る,ふとる,futoru,to become fat,N4,v5r; vi,1408220,,あまり太ったのでカラーの前が合わなかった。,He got so stout that his collar did not meet.
f1ef6228cb,布団,ふとん,futon,Japanese bedding; futon,N4,n,1496890,,朝になると布団を片づけます。,"In the morning, we put away our futons."
45d920815a,舟,ふね,fune,ship,N4,n,1602800,,船は３時に出ることになっている。,The ship is sailing at three.
25d649bd20,不便,ふべん,fuben,inconvenience,N4,n; adj-na,1494860,,ここは公共の乗り物が不便だ。,This place isn't convenient to public transportation.
375c7ef77f,踏む,ふむ,fumu,to step on,N4,v5m; vt,1450270,,その男は私の足を踏んだのにわびることさえしなかった。,The man did not so much as apologize for stepping on my foot.
927b45c2eb,降り出す,ふりだす,furidasu,to start to rain,N4,v5s; vi,1282770,,その上雨が降り出している。,"Besides, it's starting to rain."
cb716261e6,プレゼント,プレゼント,purezento,present,N4,n; vs; vt,1116840,,ハーモニカはお父さんからのプレゼントですか。,Is the harmonica a present from his father?
2f79469321,文化,ぶんか,bunka,culture,N4,n,1505120,,私はギリシャ文化について学んだ。,I learned about Greek culture.
452083ca3c,文学,ぶんがく,bungaku,literature,N4,n,1505190,,彼女の父親は文学者として有名だ。,Her father is famous as a man of letters.
9eaa627a73,文法,ぶんぽう,bunpou,grammar,N4,n,1505600,,文法なんかくそくらえだ。,Grammar be hanged.
f271b97de9,別,べつ,betsu,different,N4,adj-no; adj-na; n,1509430,,また別のときにチェスをしましょう。,Let's play chess another time.
e5cfcfab45,ベル,ベル,beru,bell,N4,n,1120010,,電話はベルによって発明された。,The telephone was invented by Bell.
0f80788417,変,へん,hen,strange,N4,adj-na,1510640,,そのオレンジは後味が変だった。,The orange left a strange taste in my mouth.
ff9e385277,返事,へんじ,henji,reply,N4,n; vs; vi,1512220,,すぐ返事をしてもらいたいと思っています。,I hope you will answer me soon.
3597362058,貿易,ぼうえき,boueki,trade,N4,n; vs; vi,1520120,,日本は貿易に頼っている。,Japan depends on foreign trade.
96799b1b11,放送,ほうそう,housou,to broadcast,N4,n; vs; vt,1516750,,ニュースは毎時放送しています。,We broadcast news on the hour.
845a23790b,法律,ほうりつ,houritsu,law,N4,n,1517480,,この法律はすべての人に適用される。,This law applies to everybody.
1587d6fbcf,僕,ぼく,boku,I (used by males),N4,pn,1521400,,ぼくは知らないし、気にもしない。,"I don't know, nor do I care."
72df46ea9c,星,ほし,hoshi,star,N4,n,1376310,,ドアには大きな金色の星がついていました。,There was a big gold star on the door.
b3f18d07d4,ほど,ほど,hodo,extent,N4,n; adv,1436510,程,スージーほど上手にピアノをひけるとよいのだが。,I wish I could play the piano as well as Susie.
7e5b1397b9,ほとんど,ほとんど,hotondo,mostly,N4,adv,1522050,殆ど,ケイトは中国語をほとんど話せない。,Kate can hardly speak Chinese.
9097d5cc39,ほめる,ほめる,homeru,to praise,N4,v1; vt,1603550,褒める,ヘレンはみんなにほめられて顔を赤くした。,Helen blushed at their praise.
36dc0ccd26,翻訳,ほんやく,hon'yaku,translation,N4,n; vs; vt,1523400,,彼女はそれを一語一語翻訳した。,She translated it word for word.
7c74c440e5,参る,まいる,mairu,(humble) to go; to come,N4,v5r; vi,1302070,,ジョーはその女の子にすっかり参っている。,Joe's nuts about the girl.
cb6d7546fb,負ける,まける,makeru,to lose,N4,v1; vi,1497980,,あんな男にまけてはいけない。,Don't go down before such a man.
d3422596a8,まじめ,まじめ,majime,serious,N4,adj-na; n,1364360,真面目,サムは仕事に関してまじめです。,Sam is serious about his work.
9c0ee7cfcc,まず,まず,mazu,first of all,N4,adv,1387240,先ず,バリウムをまず一口飲んでください。,"First, swallow one dose of barium."
0fa3edce9b,または,または,mataha,or; otherwise,N4,conj,1524990,又は,紅茶またはコーヒーはいかが？,Would you like some tea or coffee?
91094911c0,間違える,まちがえる,machigaeru,to make a mistake,N4,v1; vt,1215330,,彼は答えを三つ間違えた。,He gave three wrong answers.
675232ef05,間に合う,まにあう,maniau,to be in time for,N4,v5u; vi,1215260,,あなたは始発電車に間にあいましたか。,Did you catch the first train?
f71b64fa1e,周り,まわり,mawari,surroundings,N4,n,1604290,,周りを見渡しなさい。,Look about you.
b7644eb3fc,回る,まわる,mawaru,to go around,N4,v5r; vi,1604300,,私たちは車の後ろに回って押した。,We got behind the car and pushed.
8077c744a0,漫画,まんが,manga,comic,N4,n,1526920,,テレビやマンガのせいで学生は本を読みません。,Students don't read many books because of TV and comics.
59944588a8,真ん中,まんなか,mannaka,middle,N4,n,1604350,真中,トラックが道の真ん中に止まっていた。,A truck was standing in the middle of the road.
0c27b9183f,見える,みえる,mieru,to be in sight,N4,v1; vi,1259140,,ひとみはとても楽しそうにみえた。,Hitomi looked very happy.
07a76f9be7,湖,みずうみ,mizuumi,lake,N4,n,1267280,,湖の深さはどのくらいですか。,What is the depth of the lake?
fcf790e186,味噌,みそ,miso,bean paste,N4,n,1527040,,この電子辞書は携帯しやすいところが味噌です。,The good thing about this electronic dictionary is that it's easy to carry.
a4e2dc046c,見つかる,みつかる,mitsukaru,to be discovered,N4,v5r; vi,1604550,見付かる,運悪く仕事が見つからなかった。,He had no luck in finding work.
64f85b7fdf,見つける,みつける,mitsukeru,to discover,N4,v1; vt,1604570,見付ける,ぼくはこの本を古本屋で見つけた。,I came across this book in a secondhand bookstore.
eb7247f404,皆,みな,mina,everybody,N4,n; pn; adv,1202150,,木の葉はみんな落ちてしまった。,The leaves have all fallen.
221e63cb1e,港,みなと,minato,harbour,N4,n,1279990,,その船はいま港にある。,The ship is now in the harbor.
6978e278b2,向かう,むかう,mukau,to face,N4,v5u; vi,1604800,向う,あなたは何処へ向かっているのですか。,Where are you bound for?
1687840ea3,迎える,むかえる,mukaeru,to go out to meet,N4,v1; vt,1253190,,６時にホテルに車で迎えて下さい。,Please pick me up at the hotel at six o'clock.
58cd37c48b,昔,むかし,mukashi,olden days; former,N4,n; adj-no; adv,1382370,,ロンドンで昔の教え子に会ったよ。,I met an old student of mine in London.
505c1fd62e,虫,むし,mushi,insect,N4,n,1426680,,鳥は虫を探していた。,The bird was looking for worms.
88be7d523a,息子,むすこ,musuko,(humble) son,N4,n,1404390,,母親は息子にやかましく言って聞かせた。,The mother whipped sense into her boy.
5c27cba3be,娘,むすめ,musume,(humble) daughter,N4,n,1531190,,娘を学校に行かせてもいいですか。,Can my daughter go to school?
3d1727a56f,無理,むり,muri,impossible,N4,adj-na; n,1530970,,それは無理な注文だ。,Your demands are unreasonable.
d9c64cdfa1,召し上がる,めしあがる,meshiagaru,(polite) to eat,N4,v5r; vt,1346370,,ここで召し上がりますか、それともお持ち帰りですか。,"Is this to eat here, or to go?"
6307098126,珍しい,めずらしい,mezurashii,rare,N4,adj-i,1431850,,このめずらしい切手は手にはいりにくいんだよ。,This rare stamp is hard to come by.
5434f0c376,申し上げる,もうしあげる,moushiageru,(humble) to say; to tell,N4,v1; vt,1362950,,お礼の申し上げようもありません。,I can never thank you enough.
8e7b945555,申す,もうす,mousu,(humble) to be called; to say,N4,v5s; vt,1363090,,こちらはスミスと申します。ジョンソンさんはおいででしょうか。,This is Mr Smith speaking. Is Mr Johnson in?
0f494574f0,もうすぐ,もうすぐ,mousugu,soon,N4,exp; adv,2015610,,もうすぐ雨が降りそうだ。,It is going to rain very soon.
bbaeab9c94,もし,もし,moshi,if,N4,adv,1012500,若し,もし百万ドルあれば、どうしますか。,What would you do if you had a million dollars?
a695a20c52,もちろん,もちろん,mochiron,of course,N4,adv,1535780,勿論,「ご一緒してもいいですか」「もちろんです」,"""May I go with you?"" ""Of course."""
6e13cee4dc,もっとも,もっとも,mottomo,extremely,N4,adv,1293700,最も; 尤も,ケンは三人のなかでもっとも速く走ります。,Ken runs fastest of the three.
c858640672,戻る,もどる,modoru,to turn back,N4,v5r; vi,1535880,,やってしまったことは元に戻らない。,What is done cannot be undone.
96e10e7209,木綿,もめん,momen,cotton,N4,n,1534870,,この布はもめんでできている。,This cloth is made of cotton.
ad62110b55,もらう,もらう,morau,to receive,N4,v5u; vt,1535910,貰う,あさって彼にここへ来てもらうつもりです。,I will have him come here the day after tomorrow.
f0e069d89e,森,もり,mori,forest,N4,n,1362490,,私は森の中で野うさぎをみつけた。,I caught sight of the rabbit in the middle of the forest.
506aca7161,焼く,やく,yaku,to bake; to grill,N4,v5k; vt,1350600,,とても寒かったので火をたいた。,It was so cold that we made a fire.
2ef2e06612,約束,やくそく,yakusoku,promise,N4,n; vs; vt,1538130,,約束したことを思い出して下さい。,I must remind you of your promise.
8011fa51a8,役に立つ,やくにたつ,yakunitatsu,to be helpful,N4,exp; v5t,1537980,,それ以上はお役に立てません。,Beyond that I cannot help you.
7d2bcb5a30,焼ける,やける,yakeru,to burn; to be roasted,N4,v1; vi,1350610,,このトーストはよく焼けていません。,This toast is not done enough.
427a618271,優しい,やさしい,yasashii,kind,N4,adj-i,1539040,,女の子はほとんどみんなやさしい。,Almost all girls are kind.
3771ac0921,痩せる,やせる,yaseru,to become thin,N4,v1; vi,1605510,,ジョンはオオカミのようにやせている。,John is as lean as a wolf.
f2a77c1c6d,やっと,やっと,yatto,at last,N4,adv,1012800,,やっと期末試験が終わった。,"At last, the end-of-term exams are over."
7a0b48d3e5,やはり,やはり,yahari,as I thought; absolutely,N4,adv,2772770,やっぱり,男の子はやはり男の子。,Boys will be boys.
10ee6bdb9e,止む,やむ,yamu,to stop,N4,v5m; vi,1310640,,雨がやみさえすればいいのになあ。,If only it would stop raining!
3ccc927e4b,柔らかい,やわらかい,yawarakai,soft,N4,adj-i,1605630,,祖母はやわらかい物しか食べられない。,My grandmother can only eat soft food.
d81bb54f03,湯,ゆ,yu,hot water,N4,n,1448580,,いい湯だなあ。,"Ah, this hot water's good!"
ad11ce072b,輸出,ゆしゅつ,yushutsu,to export,N4,n; vs; vt,1538820,,ドル安は輸出にはずみをつけています。,The cheap dollar is charging up exports.
5d0d49b3fe,輸入,ゆにゅう,yunyuu,to import,N4,n; vs; vt,1538870,,これはドイツから輸入した車です。,This is a car imported from Germany.
63846aa88f,指,ゆび,yubi,finger,N4,n,1309650,,ドアに指をはさみました。,I caught my finger in the door.
688ed7ca0f,指輪,ゆびわ,yubiwa,finger ring,N4,n,1310050,,この指輪をある場所で買った。,I bought this ring at a certain place.
79e62e3c87,夢,ゆめ,yume,dream,N4,n,1529410,,あなたの夢がみんな実現されますように。,May all your dreams come true!
fa8716c349,揺れる,ゆれる,yureru,to shake; to sway,N4,v1; vi,1545710,,ランプが前後にゆれていた。,The lamp was swinging back and forth.
7c9d2c46eb,用,よう,you,use,N4,n,1546200,,何の用でここに来たのですか。,What has brought you here?
cbb67e1b4d,用意,ようい,youi,preparation,N4,n; vs; vt,1546220,,その部屋はあなたが使えるよう用意ができています。,The room is now ready for you.
c64fff23ae,用事,ようじ,youji,things to do,N4,n,1546300,,午後から何か用事がありますか。,Have you anything to do this afternoon?
cd96cff1ab,汚れる,よごれる,yogoreru,to get dirty,N4,v1; vi,1179005,,この部屋の空気は汚れている。,The air in this room is foul.
de815ae4e6,予習,よしゅう,yoshuu,preparation for a lesson,N4,n; vs; vt,1543070,,予習を始めた方がいいですよ。,You may as well begin to prepare your lessons.
a9fe0e98c1,予定,よてい,yotei,arrangement,N4,n; vs; vt,1543240,,私は明日アメリカに行く予定です。,I will go to America tomorrow.
ed37fe04b5,予約,よやく,yoyaku,reservation,N4,n; vs; vt,1543750,,「ホテルの予約はしてありますか」「すみませんが、まだなんです」,"""Have you reserved a hotel room?"" ""Sorry, not yet."""
7ffceb4055,寄る,よる,yoru,to visit,N4,v5r; vi,1219680,,ちょっと寄って行きませんか。,Won't you come in for a moment?
82b0bf966f,喜ぶ,よろこぶ,yorokobu,to be delighted,N4,v5b; vt; vi,1218760,,喜んで質問に答えましょう。,I'll be happy to answer your question.
5f81e206e3,よろしい,よろしい,yoroshii,(respectful) OK; all right,N4,adj-i,1224880,宜しい,あなたに頼んでもよろしいですか。,May I request a favour of you?
df83eb2b9c,理由,りゆう,riyuu,reason,N4,n,1550140,,本学に入学したい理由は何ですか。,What is the reason you want to enter this college?
977d6bf88c,利用,りよう,riyou,utilization,N4,n; vs; vt,1549660,,学生は図書館の本を利用すべきだ。,Students should make use of the books in the library.
520cc83d87,両方,りょうほう,ryouhou,both sides,N4,n; adj-no,1554010,,この手袋は両方がそろっていない。,Their gloves are not in pairs.
cd95253850,旅館,りょかん,ryokan,Japanese hotel,N4,n,1553130,,あの旅館は家庭的だ。,The hotel has a homey atmosphere.
0989d94de1,留守,るす,rusu,absence,N4,n; vs; vt; vi; adj-no,1552760,,彼女に留守を頼んで外出しました。,"I went on the trip, leaving the house in her care."
8ff4f12975,冷房,れいぼう,reibou,air conditioning,N4,n; vs; vt,1557290,,冷房が効きすぎているのですが。,How do I fix the air-conditioner?
bcb7922671,歴史,れきし,rekishi,history,N4,n,1558050,,私は地理より歴史が好きだ。,I prefer history to geography.
b80da200ff,レジ,レジ,reji,register,N4,n,1145130,,レジはどこですか。,Where's the checkout counter?
d9f9f17224,レポート,レポート,repooto,report,N4,n; vs; vt,1145990,リポート,このレポートを終えたら休もうと思う。,"On finishing this report, I will rest."
6926bbe9d4,連絡,れんらく,renraku,contact,N4,n; vs; vt,1559900,,ここに来た時は、必ず連絡してね。,Please get in touch with me when you are here.
f079ca12a7,ワープロ,ワープロ,waapuro,word processor,N4,n,1148520,,このワープロをお借りしていいですか。,May I use this word processor?
58c9a21aa1,沸かす,わかす,wakasu,to boil; to heat,N4,v5s; vt,1501660,,お湯を少し沸かしてください。,Boil some water.
e1641974f4,別れる,わかれる,wakareru,to separate,N4,v1; vi,1606590,,私は主人と別れる事にしました。,My husband and I are calling it quits.
f7e0744822,沸く,わく,waku,to boil; to grow hot; to get excited,N4,v5k; vi,1606680,,市の産業はみんな好景気に沸いている。,All the industries in the city are booming.
ceec15828f,訳,わけ,wake,meaning; reason,N4,n,1538330,,そういうわけで私はこんなに早く帰って来たのです。,That's why I came back so soon.
12abb2a2c6,忘れ物,わすれもの,wasuremono,lost article,N4,n,1519230,,今日忘れ物をした。,I left behind something today.
327c67b830,笑う,わらう,warau,to laugh; to smile,N4,v5u; vi,1351360,,しかし、彼はめったに笑いませんでした。,But he did not often smile.
44a2bc7c32,割合,わりあい,wariai,rate; ratio; percentage,N4,n,1606810,,彼らは１時間３マイルの割合で歩いた。,They walked at the rate of three miles an hour.
27046b71e1,割れる,われる,wareru,to break,N4,v1; vi,1208020,,プラスチックは割れにくい。,Plastic does not break easily.
